env_steps,level,score1,score2,promoted
10016,1,0.921875,0.890625,1
20000,1,0.234375,0.125,0
30016,1,0.1875,0.125,0
40000,1,0.203125,0.140625,0
50016,1,0.171875,0.140625,0
60000,1,0.171875,0.09375,0
70016,1,0.171875,0.109375,0
80000,1,0.25,0.125,0
90016,1,0.203125,0.109375,0
100000,1,0.21875,0.125,0
110016,1,0.1875,0.140625,0
120000,1,0.1875,0.09375,0
130016,1,0.1875,0.140625,0
140000,1,0.21875,0.109375,0
150016,1,0.21875,0.125,0
160000,1,0.203125,0.140625,0
170016,1,0.203125,0.140625,0
180000,1,0.1875,0.125,0
190016,1,0.203125,0.125,0
200000,1,0.21875,0.125,0
210016,1,0.15625,0.125,0
220000,1,0.15625,0.140625,0
230016,1,0.1875,0.140625,0
240000,1,0.21875,0.15625,0
250016,1,0.21875,0.125,0
260000,1,0.203125,0.140625,0
270016,1,0.234375,0.125,0
280000,1,0.25,0.125,0
290016,1,0.21875,0.109375,0
300000,1,0.21875,0.125,0
