max_angle,final_angle,cumulative_increase,regression_amount,progress,success,regression_event,stalled,lost_contact,episode_steps,env_steps,env_index,policy_version,return_value,initial_angle_deg,offset_x_m,offset_y_m,offset_z_m,offset_linf_cm,friction_scale,initial_handle_x_m,initial_handle_y_m,initial_handle_z_m,final_handle_x_m,final_handle_y_m,final_handle_z_m,curriculum_level,quality_score,contact_stability
1.0006943941116333,1.0006943941116333,1.0007331371307373,0.047996483743190765,1.0,1.0,0.0,0.0,0.0,242,7744,2,0,33.329551696777344,2.747776778803079,-0.0019246689043939114,0.0028575952164828777,-0.00039495641249231994,0.2857595216482878,1.0,0.43524599075317383,-0.029476940631866455,0.454875111579895,0.21706533432006836,-0.29338082671165466,0.45487505197525024,2,1.0,1.0
1.0050301551818848,1.0050301551818848,1.0061516761779785,0.02537228912115097,1.0,1.0,0.0,0.0,0.0,265,8480,5,0,35.15837860107422,1.3894646358037535,0.008821075782179832,-0.002166556194424629,0.0071186283603310585,0.8821075782179832,1.0,0.45417165756225586,-0.03112173080444336,0.46238866448402405,0.22747039794921875,-0.29998779296875,0.46238869428634644,2,1.0,1.0
1.0015287399291992,1.0015287399291992,1.00242280960083,0.009504005312919617,1.0,1.0,0.0,0.0,0.0,274,8768,7,0,35.64801025390625,0.493316229137136,0.005697946064174175,-0.0022878102026879787,0.004077548161149025,0.5697946064174175,1.0,0.45648908615112305,-0.02911996841430664,0.45934751629829407,0.2246227264404297,-0.2988307476043701,0.45934760570526123,2,1.0,1.0
1.0039105415344238,1.0039105415344238,1.0472819805145264,0.07998145371675491,1.0,1.0,1.0,0.0,0.0,281,8992,9,0,35.261474609375,2.097596344114167,-0.004138841759413481,0.0027841872069984674,0.0071836113929748535,0.7183611392974854,1.0,0.4369378089904785,-0.0279085636138916,0.46245360374450684,0.2145977020263672,-0.294628381729126,0.4624536633491516,2,1.0,1.0
1.000449776649475,1.000449776649475,1.0162968635559082,0.08873853832483292,1.0,1.0,1.0,0.0,0.0,283,9056,26,0,32.77561950683594,4.176364418007548,0.009374112822115421,-0.00848524272441864,0.001101369154639542,0.9374112822115421,1.0,0.4380300045013428,-0.04458189010620117,0.4563714265823364,0.22838425636291504,-0.30463457107543945,0.45637136697769165,2,0.9258278131484986,0.25827813148498535
1.0020582675933838,1.0020582675933838,1.0036051273345947,0.049424659460783005,1.0,1.0,0.0,0.0,0.0,284,9088,8,0,34.2922248840332,2.7431999117289356,-0.007166056428104639,0.008384332060813904,0.0021964265033602715,0.8384332060813904,1.0,0.43003177642822266,-0.023938417434692383,0.4574664235115051,0.2117161750793457,-0.28835177421569824,0.4574664831161499,2,1.0,1.0
1.004331111907959,1.004331111907959,1.0073691606521606,0.06937894225120544,1.0,1.0,1.0,0.0,0.0,284,9088,30,0,34.8427734375,3.801051499530871,0.00873752310872078,0.0003268688451498747,-0.0008140748250298202,0.8737523108720779,1.0,0.4396214485168457,-0.03476142883300781,0.4544559121131897,0.22744131088256836,-0.2972393035888672,0.4544559121131897,2,1.0,1.0
1.0007953643798828,1.0007953643798828,1.0011067390441895,0.07409048825502396,1.0,1.0,1.0,0.0,0.0,292,9344,22,0,34.45095443725586,4.227233105624864,0.003857336239889264,0.00533460546284914,0.006037991959601641,0.6037991959601641,1.0,0.4322117567062378,-0.03089997172355652,0.46130800247192383,0.2228395938873291,-0.2909405827522278,0.4613080620765686,2,1.0,1.0
1.002152919769287,1.002152919769287,1.0025339126586914,0.0038382471539080143,1.0,1.0,0.0,0.0,0.0,292,9344,31,0,36.169654846191406,0.19808214269676788,-0.0010912393918260932,-0.0031719165854156017,-0.008555222302675247,0.8555222302675247,1.0,0.45149898529052734,-0.029323339462280273,0.4467149078845978,0.21778345108032227,-0.2999424934387207,0.4467148780822754,2,1.0,1.0
1.0015305280685425,1.0015305280685425,1.0183063745498657,0.02400975301861763,1.0,1.0,0.0,0.0,0.0,296,9472,15,0,36.28903579711914,0.41447079319475666,0.005900861695408821,-0.0011319222394376993,-0.0022748534101992846,0.5900861695408821,1.0,0.45717257261276245,-0.02778148651123047,0.45299527049064636,0.22482502460479736,-0.29767560958862305,0.4529951810836792,2,1.0,1.0
