env_steps,optimizer_steps,accepted,reasons,rejections,level,nominal_candidate_success,curriculum_candidate_success,critic_loss,actor_loss,bc_loss,anchor_kl,alpha,anchor_kl_reference,std,added_actor_weight_norm,added_critic_weight_norm
10016,1252,1,,0,0,0.84375,0.90625,0.012319135283898806,-2.7607653308600284,0.002681004052757458,6.115735869688062,1.923030898766205e-07,0.2965230345726013,0.009999999776482582,0.2376561313867569,0.5391871333122253
20000,2500,0,curriculum1/deterministic:regression_rate,1,1,0.875,0.0625,0.01734793293461478,-8.30082900249041,0.0026189882618125873,1.0942131670502324,1.341605848523204e-07,0.2965230345726013,0.009999999776482582,0.2376561313867569,0.5391871333122253
30016,3752,1,,1,1,0.875,0.0625,0.025570875486193863,-7.308422944035393,0.002582801009251992,0.998226132315283,1.3036071858194398e-07,0.2193221151828766,0.009999999776482582,0.3787408173084259,1.2634468078613281
40000,5000,1,,1,1,0.9375,0.15625,0.022867773580984272,-6.791819462409387,0.0025556162830374283,0.6554668256057761,8.747589102648261e-08,1.0641132593154907,0.009999999776482582,0.43468594551086426,1.9344513416290283
50016,6252,0,curriculum1/policy:regression_rate,2,1,0.96875,0.0625,0.024242389182851744,-6.210690107398902,0.0026688255717328487,0.8484960142106485,5.985824000043712e-08,1.0641132593154907,0.009999999776482582,0.43468594551086426,1.9344513416290283
60000,7500,0,nominal/policy:success;nominal/policy:max_angle;nominal/policy:final_angle;nominal/policy:progress,3,1,0.8125,0.09375,0.02479544175562646,-5.90211559087038,0.002636817211728507,0.8394288710939387,5.996384307612364e-08,1.0641132593154907,0.009999999776482582,0.43468594551086426,1.9344513416290283
70016,8752,1,,3,1,0.90625,0.0625,0.026966887197610492,-5.570379281958071,0.002596222884159315,0.959776722418424,5.96286973478909e-08,0.554105281829834,0.009999999776482582,0.45876702666282654,2.4360594749450684
80000,10000,1,,3,1,0.84375,0.125,0.02581901172249136,-5.140054623859051,0.0026510919315814343,1.1794892356325037,4.052134124255265e-08,0.3745359778404236,0.009999999776482582,0.48983287811279297,2.797302007675171
90016,11252,1,,3,1,0.84375,0.0625,0.024401834671617672,-5.284606897031156,0.0025953008515645745,0.8573011933519437,2.7772447569232398e-08,0.6621445417404175,0.009999999776482582,0.516423761844635,3.1134510040283203
100000,12500,1,,3,1,0.90625,0.0625,0.02610255913429846,-5.108461865820946,0.0026014100870107096,0.9161055352992545,1.9080183410443908e-08,0.9123344421386719,0.009999999776482582,0.5394960641860962,3.4301018714904785
110016,13752,1,,3,1,0.9375,0.09375,0.026570877754880776,-5.00209572939827,0.0026234225416481615,0.9426439996368398,1.3115667494204921e-08,0.9588953256607056,0.009999999776482582,0.5459874868392944,3.6888630390167236
120000,15000,1,,3,1,0.90625,0.09375,0.030806599448111135,-4.999481173088918,0.002613394935533273,0.8656634394891369,9.033232478267577e-09,0.8227078318595886,0.009999999776482582,0.5666716694831848,3.8463807106018066
130016,16252,1,,3,1,0.90625,0.0625,0.029389374701048847,-4.486761894660255,0.0026197993691126184,1.322179376245878,6.2166145983196594e-09,0.2740499675273895,0.009999999776482582,0.5827104449272156,4.0706963539123535
140000,17500,1,,3,1,0.9375,0.1875,0.02911693879361384,-5.011653166741897,0.0025967980807950087,0.7683677460090854,4.280105745785728e-09,0.2349880039691925,0.009999999776482582,0.6039396524429321,4.258237361907959
150016,18752,1,,3,1,0.84375,0.125,0.03368436782966746,-4.884730131100542,0.002622812562927116,0.8508785626116081,2.9438694863083137e-09,1.1294631958007812,0.009999999776482582,0.6152166724205017,4.433578014373779
160000,20000,1,,3,1,0.84375,0.125,0.028201582191216473,-4.753972951227274,0.002631452081214565,0.9396889807226566,2.026205629650473e-09,1.2076542377471924,0.009999999776482582,0.6311967372894287,4.582592964172363
170016,21252,1,,3,1,0.9375,0.125,0.03128975287478524,-4.8749005964008,0.0026147916466525843,0.7831810795056363,1.3943339506601322e-09,0.4431994557380676,0.009999999776482582,0.6502431035041809,4.7934465408325195
180000,22500,1,,3,1,0.84375,0.0625,0.031051935713875514,-4.191502701395597,0.0027100721425272357,1.4228457019258387,9.597871659654078e-10,0.40331828594207764,0.009999999776482582,0.6817164421081543,4.918887615203857
190016,23752,0,curriculum1/deterministic:regression_rate,4,1,0.875,0.125,0.034590474951018496,-4.829780853404023,0.0026130447199604603,0.7580776728761082,6.606957670437681e-10,0.40331828594207764,0.009999999776482582,0.6817164421081543,4.918887615203857
200000,25000,0,nominal/deterministic:success;nominal/deterministic:max_angle;nominal/deterministic:final_angle;nominal/deterministic:progress,5,1,0.875,0.0625,0.0345507766629826,-4.722207150207116,0.002688559426436162,0.8325617498574922,6.61017952892113e-10,0.40331828594207764,0.009999999776482582,0.6817164421081543,4.918887615203857
210016,26252,0,curriculum1/deterministic:regression_rate,6,1,0.84375,0.0625,0.03430419976260668,-4.502371201690393,0.0026333831218960206,1.033655245464069,6.60519597350806e-10,0.40331828594207764,0.009999999776482582,0.6817164421081543,4.918887615203857
220000,27500,1,,6,1,0.90625,0.09375,0.035242537347165544,-4.675228654383084,0.0026293236825996502,0.8436738174074353,6.609166843615147e-10,1.8819011449813843,0.009999999776482582,0.6921023726463318,5.047053813934326
230016,28752,1,,6,1,0.8125,0.15625,0.027826238620152977,-4.6922921081320546,0.0026057647163559424,0.7833601808824098,4.5504237986375096e-10,1.1326420307159424,0.009999999776482582,0.6983889937400818,5.197509765625
240000,30000,1,,6,1,0.9375,0.15625,0.03477208919652278,-4.433332243790994,0.002583358787887846,0.9914387701055369,3.131015521415228e-10,0.2961657643318176,0.009999999776482582,0.7155394554138184,5.323225975036621
250016,31252,1,,6,1,0.875,0.125,0.033732483092064676,-4.524886681248966,0.002610501588434546,0.8660884185459096,2.1556216985130038e-10,0.4031984508037567,0.009999999776482582,0.7449186444282532,5.490774631500244
260000,32500,1,,6,1,0.9375,0.125,0.030926826371003885,-4.378424321229641,0.0026756276044743108,0.9946029909575979,1.4832834325334482e-10,0.26994892954826355,0.009999999776482582,0.7554132342338562,5.635730743408203
270016,33752,1,,6,1,0.90625,0.15625,0.03003025825262611,-4.28568000477343,0.002601517014857828,1.0596488207316817,1.0208006687676695e-10,0.30330249667167664,0.009999999776482582,0.7776871919631958,5.776916980743408
280000,35000,1,,6,1,0.875,0.0625,0.03121278613047579,-4.571140106098774,0.0026277213290972538,0.7359074205637742,7.029236892795275e-11,0.3480057418346405,0.009999999776482582,0.7863467931747437,5.915336608886719
290016,36252,0,curriculum1/policy:regression_rate,7,1,0.96875,0.125,0.026955586771247163,-4.485879135588869,0.0025694042874928624,0.8042151972342032,4.842007824487174e-11,0.3480057418346405,0.009999999776482582,0.7863467931747437,5.915336608886719
300000,37500,1,,7,1,0.90625,0.0625,0.027770674549220786,-4.360691306873774,0.0026132816884245793,0.9193532969205617,4.8427030606410494e-11,1.3548758029937744,0.009999999776482582,0.7980311512947083,6.043001651763916
