variant,seed,env_steps,policy_bc_loss,aux_loss,encoder_policy_grad_l2,encoder_aux_grad_l2,aux_to_policy_grad_ratio_at_weight_0_1,grad_cosine
E0,0,100000,-6.03482723236084,0.9530860185623169,1.6168181896209717,0.30322250723838806,0.018754273621171474,0.038115303963422775
E0,0,500000,-8.48729133605957,0.9326940774917603,5.68618106842041,0.17817996442317963,0.0031335612123353828,0.10107030719518661
E0,1,100000,-6.401649475097656,0.909559965133667,1.4041236639022827,0.3034099042415619,0.021608488770735308,-0.09671660512685776
E0,1,500000,-8.62496280670166,0.9238226413726807,2.621006727218628,0.22790420055389404,0.008695292468621113,-0.12343987077474594
E0,2,100000,-7.45825719833374,0.9130052328109741,0.7790177464485168,0.23863230645656586,0.030632460883525767,0.19165709614753723
E0,2,500000,-8.186322212219238,0.9199360609054565,1.8266140222549438,0.15540798008441925,0.008507981335464022,0.03981589898467064
E0,3,100000,-6.722750663757324,1.0052098035812378,1.0794116258621216,0.2886454164981842,0.026740995703807093,-0.10902400314807892
E0,3,500000,-8.561589241027832,0.9979797601699829,2.5106756687164307,0.19398219883441925,0.007726294608717485,-0.028310809284448624
E0,4,100000,-6.580838203430176,0.8945807218551636,1.4149061441421509,0.21640895307064056,0.01529493344605186,0.2170458287000656
E0,4,500000,-8.761356353759766,0.8925296664237976,3.6221883296966553,0.17666052281856537,0.0048771766329819746,0.11109987646341324
E1,0,100000,-6.258718490600586,0.00018026397447101772,1.4854013919830322,0.010694803670048714,0.0007199941866064228,0.24044863879680634
E1,0,500000,-8.634981155395508,0.00017998181283473969,6.2885870933532715,0.01603156514465809,0.0002549311142021499,-0.01839366927742958
E1,1,100000,-6.531059265136719,0.00045981333823874593,1.3855676651000977,0.05552683025598526,0.004007514873116921,0.21474871039390564
E1,1,500000,-8.23543643951416,0.0002708118117880076,3.3957462310791016,0.031292639672756195,0.0009215246824499017,-0.008322173729538918
E1,2,100000,-6.717619895935059,0.0009073691908270121,0.8527868986129761,0.05673195794224739,0.00665253629418084,0.13313257694244385
E1,2,500000,-8.968972206115723,6.877214036649093e-05,3.4960885047912598,0.003820596029981971,0.00010928201688103677,-0.12954244017601013
E1,3,100000,-6.728353977203369,0.000896721554454416,0.791442334651947,0.06503914296627045,0.008217799341612519,0.20642201602458954
E1,3,500000,-8.272116661071777,4.034864468849264e-05,3.9988138675689697,0.00494591286405921,0.00012368449815009812,-0.05155334621667862
E1,4,100000,-6.407890796661377,0.0017842233646661043,1.4350244998931885,0.14848683774471283,0.010347338164314615,0.12776990234851837
E1,4,500000,-8.403107643127441,8.902927220333368e-05,4.581510543823242,0.017070826143026352,0.0003726025724428619,0.03311759606003761
E2,0,100000,-6.258718490600586,0.00018026397447101772,1.4854013919830322,0.010694803670048714,0.0007199941866064228,0.24044863879680634
E2,0,500000,-9.294480323791504,0.043736714869737625,7.084213733673096,0.703636884689331,0.009932462671824304,0.21907007694244385
E2,1,100000,-6.531059265136719,0.00045981333823874593,1.3855676651000977,0.05552683025598526,0.004007514873116921,0.21474871039390564
E2,1,500000,-8.31002426147461,0.05788630247116089,3.532708168029785,0.5979664325714111,0.01692657315944954,0.07535968720912933
E2,2,100000,-6.717619895935059,0.0009073691908270121,0.8527868986129761,0.05673195794224739,0.00665253629418084,0.13313257694244385
E2,2,500000,-7.960288047790527,0.028670862317085266,3.472235679626465,0.6720370650291443,0.019354592459617848,0.022007379680871964
E2,3,100000,-6.728353977203369,0.000896721554454416,0.791442334651947,0.06503914296627045,0.008217799341612519,0.20642201602458954
E2,3,500000,-8.23997688293457,0.03826277330517769,2.802541971206665,0.45077162981033325,0.01608438462087505,0.22655601799488068
E2,4,100000,-6.407890796661377,0.0017842233646661043,1.4350244998931885,0.14848683774471283,0.010347338164314615,0.12776990234851837
E2,4,500000,-8.747269630432129,0.048744551837444305,5.338362216949463,0.5793929100036621,0.010853383237354557,0.04396330565214157
E3,0,100000,-6.660842418670654,0.11455714702606201,1.4125909805297852,0.473055362701416,0.033488488120177504,0.1638602912425995
E3,0,500000,-9.121652603149414,0.2588520646095276,3.7534236907958984,1.4421331882476807,0.03842180651718224,0.36834269762039185
E3,1,100000,-6.501351356506348,0.09058616310358047,1.7961854934692383,0.5268619656562805,0.029332269276859276,0.23510512709617615
E3,1,500000,-8.450907707214355,0.2591671347618103,2.8024675846099854,1.7555968761444092,0.06264468091568427,0.011662419885396957
E3,2,100000,-6.93332576751709,0.10142390429973602,0.9813722968101501,0.4165937602519989,0.04245012434181138,0.2591108977794647
E3,2,500000,-8.359583854675293,0.2304738461971283,2.7069826126098633,0.9842975735664368,0.03636142947432725,0.4690800905227661
E3,3,100000,-6.665309906005859,0.23330968618392944,0.993371844291687,0.6709067225456238,0.06753832680087751,0.21178384125232697
E3,3,500000,-8.142230987548828,0.38461095094680786,3.113584280014038,1.7267405986785889,0.05545828997668255,0.5410091280937195
E3,4,100000,-6.194822788238525,0.05823826044797897,1.8684229850769043,0.2878968417644501,0.015408547425496386,0.18742425739765167
E3,4,500000,-8.285287857055664,0.1996731460094452,4.312149524688721,0.8316566944122314,0.019286360309415895,0.17166800796985626
