variant,seed,env_steps,heldout_states,angle_probe_mae_rad,constant_angle_mae_rad,angle_probe_r2,contact_probe_brier,contact_prevalence
E0,0,0,2092,0.04320159232820085,0.265020378192842,0.9425755980419611,0.012652765740658246,0.5886711281070746
E0,0,500000,2092,0.018673040216691663,0.265020378192842,0.991706554134887,0.006446796416880198,0.5886711281070746
E0,1,0,2092,0.04270427377774802,0.265020378192842,0.9425193602366678,0.013591794602445667,0.5886711281070746
E0,1,500000,2092,0.033786137411229364,0.265020378192842,-2.4661865751793153,0.007588666137513756,0.5886711281070746
E0,2,0,2092,0.04702401455413018,0.265020378192842,0.925200523061797,0.013375602048863827,0.5886711281070746
E0,2,500000,2092,0.022355273929657214,0.265020378192842,0.9885795314683985,0.005695107366252244,0.5886711281070746
E0,3,0,2092,0.045332390648383875,0.265020378192842,0.948874936291003,0.012551675772803715,0.5886711281070746
E0,3,500000,2092,0.016447786555875483,0.265020378192842,0.9928976596272412,0.007672182127882101,0.5886711281070746
E0,4,0,2092,0.04251593936164479,0.265020378192842,0.9252764763381667,0.013580765181326334,0.5886711281070746
E0,4,500000,2092,0.01557782943343842,0.265020378192842,0.9927258819166539,0.007151078799642623,0.5886711281070746
E1,0,0,2092,0.04320159232820085,0.265020378192842,0.9425755980419611,0.012652765740658246,0.5886711281070746
E1,0,500000,2092,0.014642573990159082,0.265020378192842,0.9942661752529444,0.005808258600301856,0.5886711281070746
E1,1,0,2092,0.04270427377774802,0.265020378192842,0.9425193602366678,0.013591794602445667,0.5886711281070746
E1,1,500000,2092,0.015441217214329511,0.265020378192842,0.9938375658813573,0.006788329122588326,0.5886711281070746
E1,2,0,2092,0.04702401455413018,0.265020378192842,0.925200523061797,0.013375602048863827,0.5886711281070746
E1,2,500000,2092,0.017145671572620157,0.265020378192842,0.9722326102459566,0.004358103012911146,0.5886711281070746
E1,3,0,2092,0.045332390648383875,0.265020378192842,0.948874936291003,0.012551675772803715,0.5886711281070746
E1,3,500000,2092,0.020150987245299734,0.265020378192842,0.9895847766901938,0.007521543835606632,0.5886711281070746
E1,4,0,2092,0.04251593936164479,0.265020378192842,0.9252764763381667,0.013580765181326334,0.5886711281070746
E1,4,500000,2092,0.01781125720325035,0.265020378192842,0.9919474205314646,0.007826665619298406,0.5886711281070746
E2,0,0,2092,0.04320159232820085,0.265020378192842,0.9425755980419611,0.012652765740658246,0.5886711281070746
E2,0,500000,2092,0.017659374843375677,0.265020378192842,0.9915265350670562,0.005654158632102297,0.5886711281070746
E2,1,0,2092,0.04270427377774802,0.265020378192842,0.9425193602366678,0.013591794602445667,0.5886711281070746
E2,1,500000,2092,0.015966397416436753,0.265020378192842,0.9930902532317339,0.006614659707563475,0.5886711281070746
E2,2,0,2092,0.04702401455413018,0.265020378192842,0.925200523061797,0.013375602048863827,0.5886711281070746
E2,2,500000,2092,0.01634956500189152,0.265020378192842,0.9928422161929927,0.006422406718653359,0.5886711281070746
E2,3,0,2092,0.045332390648383875,0.265020378192842,0.948874936291003,0.012551675772803715,0.5886711281070746
E2,3,500000,2092,0.014442613924726335,0.265020378192842,0.994874682129691,0.006736036467995238,0.5886711281070746
E2,4,0,2092,0.04251593936164479,0.265020378192842,0.9252764763381667,0.013580765181326334,0.5886711281070746
E2,4,500000,2092,0.01674003932254129,0.265020378192842,0.9938771499372722,0.0067498320991692,0.5886711281070746
E3,0,0,2092,0.047023053154321565,0.265020378192842,0.9328529048080264,0.011614212407256814,0.5886711281070746
E3,0,500000,2092,0.018610603221236734,0.265020378192842,0.9899701608299264,0.007102784666147843,0.5886711281070746
E3,1,0,2092,0.04305169788762161,0.265020378192842,0.9322320054999491,0.012683641784623476,0.5886711281070746
E3,1,500000,2092,0.022506547802853098,0.265020378192842,0.9662126961789965,0.00693654699125105,0.5886711281070746
E3,2,0,2092,0.0493979751780724,0.265020378192842,0.7973051148530763,0.013245095466795927,0.5886711281070746
E3,2,500000,2092,0.016571215208684067,0.265020378192842,0.9930243731950027,0.007275796000865351,0.5886711281070746
E3,3,0,2092,0.03900501711023005,0.265020378192842,0.9603968911473804,0.010799394031120391,0.5886711281070746
E3,3,500000,2092,0.013895841584139588,0.265020378192842,0.9957285002450913,0.008499603740524962,0.5886711281070746
E3,4,0,2092,0.04827639283260538,0.265020378192842,0.920191150150446,0.014057182584531338,0.5886711281070746
E3,4,500000,2092,0.014117483341185294,0.265020378192842,0.9952782344876966,0.007859502117925247,0.5886711281070746
