variant,seed,auc,best_so_far_auc,final_success,late_success_400k_500k,peak_success,peak_steps,post_peak_drop,reward_auc,final_reward,first_0.5,retained_0.5,first_0.8,retained_0.8,first_0.9,retained_0.9
A,0,0.1062375,0.656232,0.0,0.028125,0.75,75008,0.75,6.530246709422111,1.1996339531615376,75008,,,,,
A,1,0.2375005,0.606614,0.265625,0.59375,1.0,425024,0.734375,11.194629199190915,12.056031696498394,125024,,375008,,375008,
A,2,0.0710905,0.125371,0.0,0.278125,0.734375,450016,0.734375,5.491006549895674,2.4143167808651924,425024,,,,,
A,3,0.315584,0.9163785,0.96875,0.653125,1.0,150016,0.03125,14.492482483473479,36.70012867450714,25024,425024,150016,,150016,
A,4,0.185914,0.730455,1.0,0.3625,1.0,375008,0.0,10.009214466231823,38.06965285539627,100000,,100000,,375008,
B,0,0.089823,0.896055,0.0,0.0,0.96875,50016,0.96875,6.65129517297405,3.184244502335787,50016,,50016,,50016,
B,1,0.109752,0.7812275,0.0,0.075,0.984375,275008,0.984375,9.02276624116832,14.514414750039577,25024,,275008,,275008,
B,2,0.0039065,0.0402335,0.0,0.0,0.046875,100000,0.046875,3.834047116851613,3.027638152241707,,,,,,
B,3,0.027343,0.2132745,0.0,0.0,0.28125,175008,0.28125,8.786905894739807,16.957202807068825,,,,,,
B,4,0.213283,0.7366945,0.0,0.375,1.0,400000,1.0,11.065995589037179,7.745764188468456,175008,,175008,,175008,
C,0,0.1121205,0.394128,1.0,0.396875,1.0,500000,0.0,10.709332751073838,33.0228306055069,200000,,425024,,500000,
C,1,0.0687625,0.3433545,0.0,0.0,0.421875,325024,0.421875,9.568492142402217,1.014569419901818,,,,,,
C,2,0.329314,0.5745855,0.421875,0.5625,0.984375,450016,0.5625,15.99896607198435,20.82081450521946,175008,,300000,,450016,
C,3,0.1445055,0.60037,0.0,0.09375,0.765625,350016,0.765625,12.221072520237,3.32484482601285,75008,,,,,
C,4,0.084373,0.7386405,0.0,0.0,0.796875,50016,0.796875,13.46532703933859,17.701625406742096,50016,,,,,
D,0,0.110153,0.787464,0.90625,0.18125,1.0,325024,0.09375,8.019834153029501,38.54355280101299,50016,,325024,,325024,
D,1,0.001173,0.046875,0.0,0.0,0.046875,0,0.046875,5.129673532400429,2.5539992302656174,,,,,,
D,2,0.0273355,0.2003835,0.0,0.0,0.296875,175008,0.296875,5.393646507761285,5.66429503262043,,,,,,
D,3,0.042201,0.527337,0.0,0.0,0.84375,200000,0.84375,7.394328072614432,4.601079650223255,200000,,200000,,,
D,4,0.064043,0.251526,0.0,0.2,1.0,450016,1.0,5.568710617018938,2.1563971396535635,450016,,450016,,450016,
diag_A,0,0.182045,0.944508,0.0,0.0,0.96875,25024,0.96875,9.334610859795035,5.4696143083274364,25024,,25024,,25024,
diag_A,1,0.16173,0.5800535,0.109375,0.184375,0.84375,275008,0.734375,8.045659924217462,5.758736850693822,275008,,275008,,,
diag_A,2,0.094509,0.8526975,0.03125,0.178125,0.921875,50016,0.890625,6.54938527935955,4.58893821015954,50016,,50016,,50016,
diag_A,3,0.0,0.0,0.0,0.0,0.0,0,0.0,3.386781877216384,1.6835688408464193,,,,,,
diag_A,4,0.1484455,0.392162,0.0,0.128125,0.96875,325024,0.96875,8.238288381014199,1.216726222075522,325024,,325024,,325024,
diag_B,0,0.113277,0.741378,0.0,0.0,1.0,175008,1.0,7.563619285308719,6.8730153776705265,175008,,175008,,175008,
diag_B,1,0.1769635,0.57381,0.96875,0.378125,0.96875,500000,0.0,14.42319346096915,31.736344888806343,125024,,500000,,500000,
diag_B,2,0.026555,0.1410085,0.0,0.0,0.296875,275008,0.296875,7.190137228741794,6.182632014155388,,,,,,
diag_B,3,0.1273255,0.9273045,0.0,0.0,1.0,50016,1.0,9.798370079828203,4.24225565418601,50016,,50016,,50016,
diag_B,4,0.2226435,0.865604,0.0,0.378125,1.0,100000,1.0,11.62229276813072,17.48400291055441,100000,,100000,,100000,
B1,0,0.2445675,0.7945215,0.0,0.553125,0.96875,425024,0.96875,14.589836206054597,25.036439538002014,100000,,100000,,100000,
B1,1,0.1933235,0.421847,0.59375,0.55625,0.984375,450016,0.390625,11.17970286326179,27.44411364197731,375008,,450016,,450016,
B1,2,0.112485,0.7159905,0.0,0.13125,0.796875,75008,0.796875,7.9307519049869475,5.77599411085248,75008,,,,,
B1,3,0.11172,0.769901,0.0,0.0,0.921875,300000,0.921875,8.710347057012559,8.994967296719551,75008,,300000,,300000,
B1,4,0.2085725,0.696059,0.0,0.35,0.96875,450016,0.96875,14.146441543950141,7.865846686065197,50016,,450016,,450016,
B2,0,0.1023255,0.877319,1.0,0.2,1.0,75008,0.0,8.958595824383824,31.37485608458519,75008,,75008,,75008,
B2,1,0.048063,0.507414,0.0,0.0,0.75,200000,0.75,5.473997877281904,4.432504706084728,200000,,,,,
B2,2,0.098462,0.371087,0.0,0.0,0.78125,300000,0.78125,7.215109795272231,5.024876669049263,300000,,,,,
B2,3,0.1070085,0.896055,0.0,0.0,0.96875,50016,0.96875,7.281681773707822,4.097486991435289,50016,,50016,,50016,
B2,4,0.035156,0.281241,0.25,0.05,0.34375,125024,0.09375,5.096193329826713,13.098066203296185,,,,,,
B5,0,0.03594,0.2456925,0.0,0.0,0.265625,50016,0.265625,3.2313450825644283,1.1121089993976057,,,,,,
B5,1,0.3230395,0.654265,0.0,0.246875,0.9375,325024,0.9375,14.999886087034286,9.005382593721151,150016,,150016,,300000,
B5,2,0.0007815,0.0128905,0.0,0.0,0.015625,100000,0.015625,2.674043015988231,2.650009987875819,,,,,,
B5,3,0.0538915,0.9273045,0.0,0.0,1.0,50016,1.0,4.1771909844848665,1.6026223255321383,50016,,50016,,50016,
B5,4,0.0589765,0.375765,0.015625,0.021875,0.40625,50016,0.390625,6.116816973264724,4.940565314143896,,,,,,
B6,0,0.082407,0.421849,0.046875,0.084375,0.90625,375008,0.859375,5.836865721544057,3.0198805173859,375008,,375008,,375008,
B6,1,0.1293005,0.691768,0.0,0.0,1.0,250016,1.0,8.247375236223787,2.667975477874279,125024,,250016,,250016,
B6,2,0.067207,0.38435,0.0,0.05625,1.0,325024,1.0,6.6456315473767225,3.856132846325636,325024,,325024,,325024,
B6,3,0.1859125,0.9273045,0.0,0.284375,1.0,50016,1.0,8.978262939963102,2.5197762809693813,50016,,50016,,50016,
B6,4,0.299221,0.865604,0.0,0.3,1.0,100000,1.0,14.520208404903203,5.542821131646633,100000,,100000,,100000,
E0,0,0.168703,0.9191035,0.796875,0.159375,1.0,75008,0.203125,8.574345224046349,30.969010647386312,50016,,50016,,75008,
E0,1,0.0765505,0.1374835,1.0,0.325,1.0,500000,0.0,6.546969654946745,39.13665068149567,475008,475008,500000,,500000,
E0,2,0.121885,0.874982,0.0,0.078125,0.96875,75008,0.96875,6.766319373468578,2.0161747690290213,75008,,75008,,75008,
E0,3,0.1417725,0.473805,0.828125,0.33125,0.828125,475008,0.0,8.087041534895121,31.95501086115837,125024,475008,475008,475008,,
E0,4,0.232845,0.820304,0.6875,0.325,1.0,200000,0.3125,11.73070451908955,27.413730135187507,100000,475008,100000,,100000,
E1,0,0.1949085,0.9230085,0.0,0.003125,1.0,100000,1.0,11.18719523109454,3.2742835013195872,50016,,50016,,50016,
E1,1,0.107787,0.7265335,0.0,0.040625,1.0,175008,1.0,6.773640403947771,3.4403285086154938,150016,,175008,,175008,
E1,2,0.2905955,0.92185,0.0,0.0,1.0,75008,1.0,13.628742058154018,5.372021377086639,50016,,75008,,75008,
E1,3,0.048437,0.3929575,0.0,0.040625,0.46875,125024,0.46875,3.9226167508084773,1.7259113136678934,,,,,,
E1,4,0.160151,0.733583,0.0,0.35625,0.96875,450016,0.96875,8.89358613567996,5.803527973592281,100000,,100000,,450016,
E2,0,0.150376,0.9230085,0.03125,0.00625,1.0,100000,0.96875,8.593051381381125,4.154125574976206,50016,,50016,,50016,
E2,1,0.276527,0.7577785,0.1875,0.18125,1.0,150016,0.8125,13.247183400249302,14.445329550653696,150016,,150016,,150016,
E2,2,0.217958,0.92185,0.0,0.14375,1.0,75008,1.0,10.934570870275795,1.2933094203472137,50016,,75008,,75008,
E2,3,0.1996035,0.7441185,0.734375,0.490625,0.921875,125024,0.1875,9.507982141320676,29.25920208916068,125024,,125024,,125024,
E2,4,0.4390605,0.7378825,0.0,0.6625,0.921875,400000,0.921875,18.815357973297267,3.215236596763134,100000,,100000,,375008,
E3,0,0.108169,0.6003585,0.421875,0.278125,0.921875,475008,0.5,6.4348109677737355,17.992862440645695,50016,,475008,,475008,
E3,1,0.278119,0.7011345,0.21875,0.415625,0.984375,325024,0.765625,12.908634630544334,11.757223619148135,150016,,150016,,150016,
E3,2,0.060919,0.621858,0.8125,0.1625,0.8125,500000,0.0,4.976130000703275,31.88220797292888,75008,,500000,,,
E3,3,0.064835,0.249981,0.4375,0.159375,0.53125,350016,0.09375,5.268776684095025,19.197303045541048,350016,,,,,
E3,4,0.074225,0.224992,0.0,0.290625,0.9375,400000,0.9375,5.068831985993147,1.6657483410090208,400000,,400000,,400000,
