clone,episode,valid_perturbation,success,recontact,handoff_tick,handoff_angle,handoff_distance,max_angle,final_angle,angle0_rad,offset_x,offset_y,offset_z,friction_scale
8,0,1,1,1,186,0.20910868048667908,0.006629594601690769,1.004199504852295,1.004199504852295,0.060403548181056976,0.004895329009741545,0.003218898084014654,0.0032128803431987762,1.0
12,0,1,1,1,188,0.21157993376255035,0.006460960488766432,1.0001574754714966,1.0001574754714966,0.02461649477481842,-0.004699301440268755,0.007398106157779694,0.00925363413989544,1.0
4,0,1,1,1,188,0.209074467420578,0.00658861780539155,1.0029832124710083,1.0029832124710083,0.0241951085627079,-0.004128613974899054,0.00255768746137619,0.0027564303018152714,1.0
6,0,1,1,1,186,0.20510835945606232,0.006640295963734388,1.003257155418396,1.003257155418396,0.009082872420549393,0.009886673651635647,0.0019530401332303882,-0.007808668538928032,1.0
11,0,1,1,1,189,0.21191373467445374,0.0066375648602843285,1.0022040605545044,1.0022040605545044,0.008761863224208355,-0.0030585075728595257,0.0021756417118012905,0.008359660394489765,1.0
22,0,1,1,1,190,0.2117638736963272,0.006514976732432842,1.0003843307495117,1.0003843307495117,0.028658807277679443,0.0036022039130330086,0.00938041228801012,-0.0034820162691175938,1.0
0,0,1,1,1,189,0.21056997776031494,0.006336399354040623,1.0003931522369385,1.0003931522369385,0.025347089394927025,0.009166686795651913,-0.003411219920963049,-0.0025368998758494854,1.0
1,0,1,1,1,188,0.21052464842796326,0.006495469715446234,1.0033038854599,1.0033038854599,0.06445489078760147,-0.005832723807543516,0.0029442356899380684,0.004239798057824373,1.0
7,0,1,1,1,187,0.20850662887096405,0.00653814384713769,1.0037471055984497,1.0037471055984497,0.03193565085530281,0.0009950395906344056,-0.0018019176786765456,0.008991898968815804,1.0
9,0,1,1,1,189,0.21076525747776031,0.006823524367064238,1.003876805305481,1.003876805305481,0.017107633873820305,-1.7938309611054137e-05,0.0018443347653374076,-0.0014911064645275474,1.0
2,0,1,1,1,188,0.20974241197109222,0.0065276711247861385,1.0061912536621094,1.0061912536621094,0.01292313914746046,-0.006029391195625067,-0.00942994561046362,-0.008195818401873112,1.0
18,0,1,1,1,188,0.20564022660255432,0.0064343903213739395,1.0020701885223389,1.0020701885223389,0.007912865839898586,0.009513153694570065,-0.007649184670299292,0.0009456960833631456,1.0
14,0,1,1,1,194,0.21021607518196106,0.006240224465727806,1.0051463842391968,1.0051463842391968,0.030774062499403954,-0.005944183096289635,-0.008885600604116917,-0.004404738079756498,1.0
19,0,1,1,1,193,0.2116246521472931,0.006180196534842253,1.004690170288086,1.004690170288086,0.050252921879291534,-0.007113189902156591,-0.008267136290669441,0.0002731388376560062,1.0
26,0,1,1,1,194,0.20836302638053894,0.006602766923606396,1.0052887201309204,1.0052887201309204,0.02530672773718834,-0.0030399931129068136,-0.008061579428613186,-0.003892351407557726,1.0
28,0,1,1,1,194,0.2121201455593109,0.006182832643389702,1.0034104585647583,1.0034104585647583,0.03722156584262848,0.0027103705797344446,0.005576258059591055,-0.0004969573928974569,1.0
13,0,1,1,1,194,0.21252889931201935,0.0060363514348864555,1.0054410696029663,1.0054410696029663,0.008374601602554321,-0.007183890324085951,0.009355846792459488,0.008807790465652943,1.0
20,0,1,1,1,194,0.20759092271327972,0.006607419811189175,1.0000776052474976,1.0000776052474976,0.039960604161024094,0.006049160845577717,-0.002465937752276659,-0.003024058183655143,1.0
25,0,1,1,1,194,0.20898471772670746,0.006253576837480068,1.002608060836792,1.002608060836792,0.021526731550693512,0.0012788462918251753,0.006170140579342842,0.0014288369566202164,1.0
31,0,1,1,1,194,0.20961278676986694,0.006328933406621218,1.00584077835083,1.00584077835083,0.009869645349681377,-0.006215185858309269,-0.0022884525824338198,-0.007612342014908791,1.0
5,0,1,1,1,187,0.21143953502178192,0.006568068638443947,1.0048824548721313,1.0048824548721313,0.07454092800617218,0.0043858932331204414,-0.007463361136615276,0.004895324818789959,1.0
24,0,1,1,1,195,0.21067854762077332,0.0067362296395003796,1.0050952434539795,1.0050952434539795,0.044013332575559616,0.006313428748399019,0.0021811602637171745,0.0063312724232673645,1.0
17,0,1,1,1,194,0.20692552626132965,0.006257953587919474,1.0008851289749146,1.0008851289749146,0.04150586202740669,0.007810201495885849,-0.0036161162424832582,0.0039812917821109295,1.0
23,0,1,1,1,194,0.20860937237739563,0.006075016688555479,1.0059258937835693,1.0059258937835693,0.04161995276808739,0.006451604422181845,-0.009906748309731483,0.008191720582544804,1.0
21,0,1,1,1,203,0.20992855727672577,0.006841941270977259,1.0006769895553589,1.0006769895553589,0.052195481956005096,-0.006114563439041376,0.008996672928333282,0.008712293580174446,1.0
27,0,1,1,1,203,0.21574732661247253,0.00540740042924881,1.0003409385681152,1.0003409385681152,0.05325019359588623,-0.0065912590362131596,-0.00016190949827432632,-0.00819957535713911,1.0
16,0,1,1,1,214,0.21365125477313995,0.005211442243307829,1.002361536026001,1.002361536026001,0.07512498646974564,-0.004905025474727154,0.004271945916116238,-0.00274866190738976,1.0
15,0,1,1,1,212,0.21315650641918182,0.004983868449926376,1.0030180215835571,1.0030180215835571,0.0722639262676239,-0.006562170572578907,0.0027150132227689028,-0.00825783796608448,1.0
3,0,1,0,0,199,0.13127484917640686,0.05755830928683281,0.25622764229774475,7.913875776921486e-09,0.060541797429323196,-0.0035327726509422064,0.006757656112313271,-0.0035598953254520893,1.0
10,0,0,0,0,0,0.0,0.0,0.016703689470887184,-3.8126805179672374e-07,0.07822813093662262,-0.004602200351655483,0.0008489183383062482,0.0020759685430675745,1.0
29,0,0,0,0,0,0.0,0.0,0.5851951241493225,0.5821918845176697,0.08215425908565521,-0.005955489352345467,0.009240569546818733,-0.007830871269106865,1.0
30,0,0,0,0,0,0.0,0.0,0.604749321937561,0.6024492383003235,0.06595967710018158,-0.008039599284529686,0.006569724064320326,-0.003476994577795267,1.0
6,1,1,1,1,190,0.20590347051620483,0.006770910695195198,1.001261591911316,1.001261591911316,0.006979564670473337,0.004512035753577948,-0.0008370637078769505,0.008793957531452179,1.0
22,1,1,1,1,194,0.21030113101005554,0.006465564481914043,1.0000258684158325,1.0000258684158325,0.04119231924414635,-0.00576062174513936,-0.007271118462085724,-0.0038242675364017487,1.0
0,1,1,1,1,193,0.21680285036563873,0.006078142207115889,1.0015053749084473,1.0015053749084473,0.015090000815689564,-0.00927331205457449,-0.0018644952215254307,-0.0019179234514012933,1.0
18,1,1,1,1,188,0.20840400457382202,0.006355362478643656,1.001785159111023,1.001785159111023,0.005556199233978987,0.0004953136667609215,-0.004791800864040852,-0.0058256289921700954,1.0
2,1,1,1,1,191,0.20641782879829407,0.0067774769850075245,1.0023516416549683,1.0023516416549683,0.012433234602212906,0.005976965185254812,-0.003320265794172883,0.006133589893579483,1.0
1,1,1,1,1,193,0.20814423263072968,0.00636605778709054,1.0051295757293701,1.0051295757293701,0.05594633147120476,0.0023098571691662073,0.008883507922291756,0.005462616216391325,1.0
11,1,1,1,1,195,0.208962082862854,0.006642528343945742,1.000581979751587,1.000581979751587,0.03127514570951462,0.004636536352336407,-0.004417535848915577,0.00638690497726202,1.0
7,1,1,1,1,193,0.2110796868801117,0.005848553031682968,1.0047695636749268,1.0047695636749268,0.014376440085470676,-0.0073574683628976345,0.009825079701840878,0.0008714571595191956,1.0
4,1,1,1,1,194,0.21001291275024414,0.006164355669170618,1.0046883821487427,1.0046883821487427,0.017747556790709496,-0.0014135848032310605,-0.0038354010321199894,0.009307857602834702,1.0
5,1,1,1,1,190,0.21143947541713715,0.00654109101742506,1.0019348859786987,1.0019348859786987,0.04278741776943207,0.007758327294141054,-0.009381384588778019,-0.005346333608031273,1.0
13,1,1,1,1,193,0.20803968608379364,0.006457892246544361,1.0040712356567383,1.0040712356567383,0.0030217815656214952,-0.007741364184767008,-0.0014157007681205869,-0.005955961998552084,1.0
19,1,1,1,1,194,0.21016953885555267,0.0066006905399262905,1.000942349433899,1.000942349433899,0.04346669092774391,-1.7084332284866832e-05,-0.001991842407733202,-0.007263085339218378,1.0
25,1,1,1,1,190,0.20648838579654694,0.006906788796186447,1.0021166801452637,1.0021166801452637,0.021591661497950554,0.009900170378386974,0.0031290107872337103,0.004495399072766304,1.0
20,1,1,1,1,194,0.21250899136066437,0.00599545706063509,1.0014277696609497,1.0014277696609497,0.040716275572776794,-0.0016380037413910031,-0.0009387122699990869,0.0013004171196371317,1.0
17,1,1,1,1,193,0.20850516855716705,0.00637476984411478,1.0028690099716187,1.0028690099716187,0.046292632818222046,0.0029801081400364637,0.0008989202324301004,0.0066645704209804535,1.0
23,1,1,1,1,194,0.21688373386859894,0.00593608757480979,1.0034122467041016,1.0034122467041016,0.014674009755253792,0.003067947691306472,0.00719556724652648,0.0061643607914447784,1.0
12,1,1,1,1,203,0.20732899010181427,0.006592957302927971,1.0048249959945679,1.0048249959945679,0.06132492795586586,0.0005287835956551135,0.00815555639564991,0.005088093690574169,1.0
9,1,1,1,1,201,0.2111787050962448,0.005874357186257839,1.0003855228424072,1.0003855228424072,0.0339558869600296,-0.007888656109571457,-0.007283004000782967,0.007481527980417013,1.0
8,1,1,1,1,204,0.21190108358860016,0.006466863211244345,1.004004955291748,1.004004955291748,0.0702461451292038,-0.0031054015271365643,-1.3339802535483614e-05,-0.005275806412100792,1.0
31,1,1,1,1,202,0.21048876643180847,0.006540763657540083,1.005593180656433,1.005593180656433,0.03250107541680336,-0.008409050293266773,0.003924144431948662,0.0018969762604683638,1.0
28,1,1,1,1,203,0.2081773728132248,0.007299770601093769,1.005922555923462,1.005922555923462,0.0840182676911354,0.007286779582500458,6.485860649263486e-05,0.001420721528120339,1.0
27,1,1,1,1,188,0.2073783427476883,0.006279859691858292,1.000299334526062,1.000299334526062,0.010635394603013992,0.008420114405453205,0.0023235755506902933,0.00032894356991164386,1.0
24,1,1,1,1,204,0.21648570895195007,0.005755163263529539,1.0045188665390015,1.0045188665390015,0.049354396760463715,-0.009970815852284431,0.004338153637945652,-0.006984441075474024,1.0
14,1,1,1,1,232,0.21587011218070984,0.005213064141571522,1.00447678565979,1.00447678565979,0.05879393219947815,-0.008922653272747993,-0.009717300534248352,0.007632560096681118,1.0
15,1,1,1,1,186,0.20842696726322174,0.006305874790996313,1.0009602308273315,1.0009602308273315,0.011762361973524094,0.00835199374705553,-0.0001101152811315842,-0.00970153696835041,1.0
16,1,1,1,1,193,0.21362720429897308,0.0059060025960206985,1.0054545402526855,1.0054545402526855,0.00951200257986784,-0.00888897106051445,0.0025928313843905926,-0.002010940806940198,1.0
21,1,1,1,1,211,0.20437228679656982,0.006300751119852066,1.0046331882476807,1.0046331882476807,0.08185712993144989,-0.0020714763086289167,-0.009499609470367432,-0.0019680322147905827,1.0
3,1,1,1,1,205,0.216433584690094,0.015802869573235512,1.0009610652923584,1.0009610652923584,0.08586134016513824,-0.0007358743459917605,0.009526924230158329,0.0029429136775434017,1.0
26,1,0,0,0,0,0.0,0.0,0.5849061608314514,0.5843617916107178,0.07804188132286072,-0.0063485088758170605,0.0035623202566057444,-0.00144073530100286,1.0
30,1,1,1,1,193,0.2106945514678955,0.005963293835520744,1.0001461505889893,1.0001461505889893,0.013923375867307186,-0.00795131828635931,-0.0010213862406089902,0.0033304851967841387,1.0
29,1,1,1,1,203,0.21357636153697968,0.006320170592516661,1.004409909248352,1.004409909248352,0.0524614118039608,-0.0045965369790792465,-0.005295990034937859,0.003761280793696642,1.0
10,1,1,1,1,203,0.20848803222179413,0.006821194663643837,1.0045868158340454,1.0045868158340454,0.08544478565454483,0.009872768074274063,-0.00031606093398295343,-0.004292103461921215,1.0
30,2,1,1,1,192,0.21085341274738312,0.007027188315987587,1.000347375869751,1.000347375869751,0.007683324161916971,-0.009845524094998837,-0.00789264403283596,0.009596922434866428,1.0
26,2,1,1,1,195,0.20971208810806274,0.005776145029813051,1.0055246353149414,1.0055246353149414,0.033009663224220276,-0.0026057336945086718,-0.00384418573230505,-0.009952147491276264,1.0
10,2,1,1,1,195,0.21159638464450836,0.006274686194956303,1.003830909729004,1.003830909729004,0.04329809173941612,0.007787018548697233,-0.000906238448806107,0.002692130859941244,1.0
29,2,1,1,1,203,0.21206143498420715,0.0062247635796666145,1.0045884847640991,1.0045884847640991,0.03840380534529686,-0.002221861621364951,-0.003937279339879751,0.008592240512371063,1.0
