env_steps,optimizer_steps,action_drift_mse,expert_action_mse,q_mean,q_variance,q_disagreement,policy_entropy,alpha,policy_std_mean,critic_loss,actor_loss,bc_loss
10016,1252,0.001285770907998085,0.00410833116620779,1.367881417274475,0.24846217036247253,0.01744932122528553,2.1310977935791016,0.03394041955471039,1.0362153053283691,0.2973092109241639,-0.6460747324769347,0.004793361632823617
20000,2500,0.0027895262464880943,0.005516079720109701,3.2519736289978027,3.579145669937134,0.01720391772687435,0.12443011999130249,0.023672886192798615,0.890080451965332,0.2501071133137418,-1.8840269524699602,0.005153607455353127
30016,3752,0.002255174331367016,0.004641292151063681,4.280614852905273,5.283069133758545,0.010618243366479874,-0.9827142953872681,0.016757966950535774,0.7355875372886658,0.16839728715380256,-3.146399866658659,0.004936953894135664
40000,5000,0.0009814415825530887,0.003426841227337718,4.843948841094971,5.420806407928467,0.013106433674693108,-2.1654767990112305,0.011864346452057362,0.5544480085372925,0.0767012026731092,-4.077653684486181,0.004019171663598032
50016,6252,0.0008695638971403241,0.003186961403116584,5.25516939163208,5.571011543273926,0.008976491168141365,-3.829045534133911,0.008494043722748756,0.47752395272254944,0.05089965736799942,-4.47273913511453,0.003538305516921567
60000,7500,0.0009910602821037173,0.003059170674532652,5.620091438293457,5.503102779388428,0.013662850484251976,-6.339162349700928,0.006230001803487539,0.47236841917037964,0.04603701705062308,-4.753530382345884,0.0034288508055070476
70016,8752,0.0010118470527231693,0.0029546981677412987,6.008660316467285,5.293038368225098,0.009085292927920818,-8.260213851928711,0.004770230036228895,0.4409519135951996,0.03962918532381471,-4.960598510294296,0.003176771654240109
80000,10000,0.0009221183718182147,0.0026909501757472754,6.355114459991455,4.811199188232422,0.008527870289981365,-9.957345962524414,0.0038979328237473965,0.4541265368461609,0.04620455096562345,-5.116778060793877,0.003131588192655517
90016,11252,0.0011170831276103854,0.002944687847048044,6.361428260803223,5.071033954620361,0.009512966498732567,-10.076131820678711,0.003908174578100443,0.4561726152896881,0.049729561368479565,-5.117921360003682,0.0030731209419881953
100000,12500,0.0010257824324071407,0.002860985929146409,6.347192764282227,5.1417131423950195,0.013315885327756405,-10.275144577026367,0.003737373510375619,0.42805665731430054,0.05134088570738617,-5.157375768591196,0.0031830715407312918
110016,13752,0.0009608992841094732,0.002894779434427619,6.326370716094971,5.143804550170898,0.01202167384326458,-10.237995147705078,0.0035812738351523876,0.439445436000824,0.05356589051710364,-5.140063854071279,0.003086082913563959
120000,15000,0.0007767473580315709,0.002570250304415822,6.281428813934326,5.21805477142334,0.01266609039157629,-10.224203109741211,0.0034663723781704903,0.42677369713783264,0.053049852151441604,-5.1834780142093315,0.0030671842306242655
130016,16252,0.0007864391664043069,0.0028529104311019182,6.328429698944092,5.273416519165039,0.011915601789951324,-10.4105224609375,0.00352671486325562,0.44904273748397827,0.05286791328022394,-5.179328423338577,0.0031243111824240393
140000,17500,0.0009137842571362853,0.00282871862873435,6.331455230712891,5.234963893890381,0.010221080854535103,-10.513872146606445,0.0034225427079945803,0.44750380516052246,0.05543336392311642,-5.2025957630995,0.003089554240618898
150016,18752,0.0008892889600247145,0.0026343257632106543,6.321395397186279,5.196017265319824,0.009708065539598465,-10.587808609008789,0.003466192167252302,0.44824615120887756,0.05750532738549022,-5.205588228786334,0.003054530825744868
160000,20000,0.0008857579668983817,0.0031390876974910498,6.331932544708252,5.160499572753906,0.014342215843498707,-10.310747146606445,0.003426001174375415,0.43625640869140625,0.06231942985024757,-5.230548528906627,0.00306380067834256
170016,21252,0.0008823720854707062,0.003012149827554822,6.3280181884765625,5.223551273345947,0.010637516155838966,-10.794201850891113,0.0034569702111184597,0.44029462337493896,0.058621961711950527,-5.236729139337144,0.003064664924843088
180000,22500,0.0008835932821966708,0.002801785711199045,6.3509416580200195,5.201212406158447,0.009175887331366539,-10.469676971435547,0.003492210526019335,0.46281394362449646,0.06569466348558378,-5.246895734316263,0.0030681757533528023
190016,23752,0.0010108634596690536,0.0027612869162112474,6.299503326416016,5.188605785369873,0.010249670594930649,-10.483705520629883,0.0034294906072318554,0.4586203992366791,0.061161982586619236,-5.239899356906026,0.003088638159443071
200000,25000,0.0011046304134652019,0.0030172907281666994,6.35801887512207,5.2529683113098145,0.016433116048574448,-10.70461654663086,0.003422999754548073,0.44863682985305786,0.05912353315253336,-5.2486312087529745,0.0030947510489894715
210016,26252,0.0007221370469778776,0.002640895079821348,6.385974884033203,5.215674877166748,0.01202169619500637,-10.552457809448242,0.0034973446745425463,0.45367228984832764,0.061327936610552115,-5.234003548043224,0.00304578796287399
220000,27500,0.0010581322712823749,0.0030343616381287575,6.341699600219727,5.247320652008057,0.007832517847418785,-10.801496505737305,0.0034850691445171833,0.4575258791446686,0.06091810758330095,-5.23009426624347,0.0030613182106418
230016,28752,0.0008843794348649681,0.002731038024649024,6.353247165679932,5.1753082275390625,0.008878208696842194,-10.61281967163086,0.0035013260785490274,0.45810091495513916,0.06609598716227011,-5.234920857051691,0.003087942096101233
240000,30000,0.0009118714369833469,0.002861867193132639,6.343559265136719,5.22900915145874,0.007873186841607094,-10.475918769836426,0.003501750295981765,0.44241511821746826,0.06656052541429511,-5.240026391087434,0.003123027930483565
250016,31252,0.0010226265294477344,0.002773518208414316,6.36182165145874,5.234553337097168,0.011376865208148956,-10.444355964660645,0.003457557177171111,0.4520268738269806,0.06377788572780455,-5.236807086978096,0.0030906168945649187
260000,32500,0.0010712736984714866,0.0029271203093230724,6.339263439178467,5.29806661605835,0.014887240715324879,-10.310680389404297,0.003468477400019765,0.45038437843322754,0.06266965860581528,-5.230021523741575,0.0031330175800413154
270016,33752,0.0009160121553577483,0.0027555422857403755,6.371077060699463,5.234554767608643,0.011890977621078491,-10.511312484741211,0.003533528884872794,0.4218061566352844,0.06793994977683447,-5.216484515811689,0.0031059690718684115
280000,35000,0.0007530040456913412,0.0026645218022167683,6.314617156982422,5.204655170440674,0.008735360577702522,-10.470216751098633,0.003471040166914463,0.4483124315738678,0.06709071832935876,-5.211584518735226,0.003116357469340213
290016,36252,0.0007959314389154315,0.002626247238367796,6.329067707061768,5.26865291595459,0.01005273312330246,-10.271638870239258,0.003501349361613393,0.4427116811275482,0.06578478315687432,-5.214560149195857,0.003143220089659386
300000,37500,0.0010310651268810034,0.0028656506910920143,6.304243564605713,5.234472751617432,0.008694917894899845,-10.605985641479492,0.00340451137162745,0.42831307649612427,0.06720434886161596,-5.228720240868055,0.003081211817399703
