env_steps,env_index,target_angle,max_angle,final_angle,cumulative_increase,regression_amount,progress,success,regression_event,stalled,lost_contact,episode_steps,return
19200,0,1.0,0.0015872347867116332,0.0015872347867116332,0.00346619775518775,0.0018789629684761167,0.0015872347867116332,0.0,0.0,1.0,1.0,600,2.5269994735717773
19200,1,1.0,0.009096329100430012,5.043193418430292e-09,0.011985811404883862,0.01198581513017416,5.043193418430292e-09,0.0,0.0,1.0,1.0,600,2.278700351715088
19200,2,1.0,0.24260731041431427,-3.4105382962223985e-09,0.2502404451370239,0.2502404451370239,0.0,0.0,1.0,1.0,1.0,600,7.816561698913574
19200,3,1.0,0.002999336924403906,0.001280899392440915,0.006156484130769968,0.004875585436820984,0.001280899392440915,0.0,0.0,1.0,1.0,600,1.6545239686965942
19200,4,1.0,0.0003794181684497744,4.346239368402394e-09,0.001184138236567378,0.0011841340456157923,4.346239368402394e-09,0.0,0.0,1.0,1.0,600,1.550065040588379
19200,5,1.0,9.369288818561472e-06,7.913875776921486e-09,2.3780503397574648e-05,2.377258897467982e-05,7.913875776921486e-09,0.0,0.0,1.0,1.0,600,1.9288215637207031
19200,6,1.0,0.03776789829134941,7.913757649191666e-09,0.04657139629125595,0.046571407467126846,7.913757649191666e-09,0.0,0.0,1.0,1.0,600,2.9521422386169434
19200,7,1.0,0.012877176515758038,7.777819277521303e-09,0.013253777287900448,0.013253790326416492,7.777819277521303e-09,0.0,0.0,1.0,1.0,600,2.9216361045837402
19200,8,1.0,0.002301528351381421,1.1609621651587076e-05,0.006365681067109108,0.006354068871587515,1.1609621651587076e-05,0.0,0.0,1.0,1.0,600,3.2670514583587646
19200,9,1.0,7.304830660359585e-07,7.913876665099906e-09,9.9000426416751e-06,9.89213276625378e-06,7.913876665099906e-09,0.0,0.0,1.0,1.0,600,3.1191458702087402
19200,10,1.0,0.0024150176905095577,9.67481241787027e-07,0.00783834233880043,0.007837377488613129,9.67481241787027e-07,0.0,0.0,1.0,1.0,600,2.7818105220794678
19200,11,1.0,0.0008790077408775687,0.00013592273171525449,0.0030521536245942116,0.002916231518611312,0.00013592273171525449,0.0,0.0,1.0,1.0,600,2.785979986190796
19200,12,1.0,0.004413025453686714,7.913875776921486e-09,0.005758736282587051,0.0057587274350225925,7.913875776921486e-09,0.0,0.0,1.0,1.0,600,2.9014358520507812
19200,13,1.0,0.0014059280510991812,7.889939955985515e-15,0.006973136682063341,0.006973136216402054,7.889939955985515e-15,0.0,0.0,1.0,1.0,600,2.300367832183838
19200,14,1.0,0.0003851854125969112,3.828401167993434e-05,0.0012882924638688564,0.001250008586794138,3.828401167993434e-05,0.0,0.0,1.0,1.0,600,2.4905431270599365
19200,15,1.0,0.14237196743488312,-9.891446550724936e-10,0.15487979352474213,0.15487982332706451,0.0,0.0,1.0,1.0,1.0,600,6.345832824707031
19200,16,1.0,0.017992300912737846,4.706901017925702e-05,0.0239506047219038,0.02390354499220848,4.706901017925702e-05,0.0,0.0,1.0,1.0,600,3.901872396469116
19200,17,1.0,0.06512141972780228,0.0007457622559741139,0.07842440903186798,0.07767866551876068,0.0007457622559741139,0.0,1.0,1.0,1.0,600,5.032985210418701
19200,18,1.0,0.00014522623678203672,7.915578414952051e-09,0.0001788603694876656,0.00017885243869386613,7.915578414952051e-09,0.0,0.0,1.0,1.0,600,3.3965399265289307
19200,19,1.0,0.0048232898116111755,5.3008166105428245e-06,0.006647870875895023,0.00664256839081645,5.3008166105428245e-06,0.0,0.0,1.0,1.0,600,3.6271018981933594
19200,20,1.0,0.006356914062052965,-1.6318523199387869e-09,0.011583174578845501,0.011583179235458374,0.0,0.0,0.0,1.0,1.0,600,3.0265862941741943
19200,21,1.0,0.0032705015037208796,4.5813739468769654e-09,0.005774903576821089,0.005774900317192078,4.5813739468769654e-09,0.0,0.0,1.0,1.0,600,2.781914710998535
19200,22,1.0,0.09051971137523651,0.0036872553173452616,0.1277817189693451,0.12409448623657227,0.0036872553173452616,0.0,1.0,1.0,1.0,600,5.518584251403809
19200,23,1.0,0.00027811506879515946,7.913840249784698e-09,0.00029302918119356036,0.00029302132315933704,7.913840249784698e-09,0.0,0.0,1.0,1.0,600,3.1801061630249023
19200,24,1.0,0.0007332697277888656,7.913875776921486e-09,0.000747507787309587,0.0007474999292753637,7.913875776921486e-09,0.0,0.0,1.0,1.0,600,3.151020050048828
19200,25,1.0,0.00024359411327168345,0.00024359411327168345,0.0005626417696475983,0.00031904768547974527,0.00024359411327168345,0.0,0.0,1.0,1.0,600,2.9750306606292725
19200,26,1.0,0.00012275790504645556,7.913875776921486e-09,0.00026851962320506573,0.0002685116196516901,7.913875776921486e-09,0.0,0.0,1.0,1.0,600,2.2084357738494873
19200,27,1.0,0.006848945748060942,2.056775429082336e-06,0.009538610465824604,0.009536564350128174,2.056775429082336e-06,0.0,0.0,1.0,1.0,600,2.923478126525879
19200,28,1.0,0.00168693158775568,2.8935203122415487e-09,0.00413892325013876,0.004138920456171036,2.8935203122415487e-09,0.0,0.0,1.0,1.0,600,2.819394588470459
19200,29,1.0,0.0008654861594550312,6.776327055035836e-09,0.001694012200459838,0.0016940057976171374,6.776327055035836e-09,0.0,0.0,1.0,1.0,600,2.3514232635498047
19200,30,1.0,0.01861150562763214,0.00010271948849549517,0.020398041233420372,0.020295338705182076,0.00010271948849549517,0.0,0.0,1.0,1.0,600,2.911155939102173
19200,31,1.0,0.0012890995712950826,3.2552458506529547e-09,0.00271094823256135,0.0027109452057629824,3.2552458506529547e-09,0.0,0.0,1.0,1.0,600,3.333617925643921
38400,0,1.0,0.001819998025894165,7.913875776921486e-09,0.0031353156082332134,0.0031353069934993982,7.913875776921486e-09,0.0,0.0,1.0,1.0,600,4.653494358062744
38400,1,1.0,0.008875369094312191,-1.1719246906238823e-08,0.013387864455580711,0.013387875631451607,0.0,0.0,0.0,1.0,1.0,600,2.794229507446289
38400,2,1.0,0.0005273276474326849,0.0004967497079633176,0.0010364977642893791,0.0005397481145337224,0.0004967497079633176,0.0,0.0,1.0,1.0,600,3.485180616378784
38400,3,1.0,0.004617487080395222,7.945868851777504e-09,0.0058052740059792995,0.005805265158414841,7.945868851777504e-09,0.0,0.0,1.0,1.0,600,2.966700792312622
38400,4,1.0,0.1619260162115097,2.470771498508384e-08,0.16269998252391815,0.16269998252391815,2.470771498508384e-08,0.0,1.0,1.0,1.0,600,6.72846794128418
38400,5,1.0,0.004896474536508322,7.938758983527805e-09,0.005063139367848635,0.0050631314516067505,7.938758983527805e-09,0.0,0.0,1.0,1.0,600,2.3697619438171387
38400,6,1.0,0.006613815203309059,7.913876665099906e-09,0.007481986656785011,0.0074819764122366905,7.913876665099906e-09,0.0,0.0,1.0,1.0,600,3.2510969638824463
38400,7,1.0,0.0009273374453186989,7.913876665099906e-09,0.0009346676524728537,0.0009346598526462913,7.913876665099906e-09,0.0,0.0,1.0,1.0,600,3.2248620986938477
38400,8,1.0,0.0013721537543460727,5.103585749566264e-07,0.001849532127380371,0.001849022344686091,5.103585749566264e-07,0.0,0.0,1.0,1.0,600,3.7800698280334473
38400,9,1.0,0.005338689778000116,7.913752320121148e-09,0.005346579011529684,0.0053465710952878,7.913752320121148e-09,0.0,0.0,1.0,1.0,600,2.9641921520233154
38400,10,1.0,5.736770617659204e-06,7.913875776921486e-09,1.2938102372572757e-05,1.2930192497151438e-05,7.913875776921486e-09,0.0,0.0,1.0,1.0,600,3.722437620162964
38400,11,1.0,0.17574210464954376,7.913876665099906e-09,0.1816515475511551,0.18165156245231628,7.913876665099906e-09,0.0,1.0,1.0,1.0,600,6.917990207672119
38400,12,1.0,5.738111212849617e-06,7.913875776921486e-09,1.2492486348492093e-05,1.2484576473070774e-05,7.913875776921486e-09,0.0,0.0,1.0,1.0,600,3.3557798862457275
38400,13,1.0,0.0022658936213701963,7.915962108029362e-09,0.003001036588102579,0.0030010296031832695,7.915962108029362e-09,0.0,0.0,1.0,1.0,600,3.4341037273406982
38400,14,1.0,0.07394307106733322,7.913875776921486e-09,0.08086511492729187,0.08086510747671127,7.913875776921486e-09,0.0,1.0,1.0,1.0,600,5.569257736206055
38400,15,1.0,7.030372671579244e-06,7.913871336029388e-09,1.60902945935959e-05,1.6082391084637493e-05,7.913871336029388e-09,0.0,0.0,1.0,1.0,600,2.5509397983551025
38400,16,1.0,0.011083190329372883,3.6996323615312576e-05,0.014303646981716156,0.014266662299633026,3.6996323615312576e-05,0.0,0.0,1.0,1.0,600,4.331550121307373
38400,17,1.0,0.003908784128725529,7.913876665099906e-09,0.0039259325712919235,0.003925924655050039,7.913876665099906e-09,0.0,0.0,1.0,1.0,600,4.237991809844971
38400,18,1.0,0.24041731655597687,7.913870447850968e-09,0.24056555330753326,0.24056553840637207,7.913870447850968e-09,0.0,1.0,1.0,1.0,600,8.167122840881348
38400,19,1.0,0.011956886388361454,7.418059499997298e-09,0.018756302073597908,0.01875630021095276,7.418059499997298e-09,0.0,0.0,1.0,1.0,600,4.4840087890625
38400,20,1.0,0.09446520358324051,8.456453870486769e-10,0.17760728299617767,0.1776072382926941,8.456453870486769e-10,0.0,1.0,1.0,1.0,600,7.980107307434082
38400,21,1.0,0.0023471687454730272,7.915863520224775e-09,0.0036899661645293236,0.0036899615079164505,7.915863520224775e-09,0.0,0.0,1.0,1.0,600,4.646622657775879
38400,22,1.0,0.005574467591941357,7.913879329635165e-09,0.009733004495501518,0.009732997044920921,7.913879329635165e-09,0.0,0.0,1.0,1.0,600,3.8775806427001953
38400,23,1.0,0.006257437635213137,7.913876665099906e-09,0.006274520885199308,0.006274512968957424,7.913876665099906e-09,0.0,0.0,1.0,1.0,600,4.0717692375183105
38400,24,1.0,7.534491942351451e-06,7.913873112386227e-09,1.6728134141885675e-05,1.672023063292727e-05,7.913873112386227e-09,0.0,0.0,1.0,1.0,600,2.3918890953063965
38400,25,1.0,0.0012580546317622066,7.913875776921486e-09,0.0014133008662611246,0.0014132929500192404,7.913875776921486e-09,0.0,0.0,1.0,1.0,600,3.27050518989563
38400,26,1.0,0.016461869701743126,7.86514142703254e-09,0.017179245129227638,0.01717924326658249,7.86514142703254e-09,0.0,0.0,1.0,1.0,600,4.289333343505859
38400,27,1.0,0.022124940529465675,7.152238801211297e-09,0.02845151163637638,0.02845153585076332,7.152238801211297e-09,0.0,0.0,1.0,1.0,600,3.438403606414795
38400,28,1.0,0.01752690225839615,4.5815098381751795e-09,0.0175901111215353,0.017590120434761047,4.5815098381751795e-09,0.0,0.0,1.0,1.0,600,3.5270001888275146
38400,29,1.0,7.518839538533939e-06,7.913875776921486e-09,1.669133962423075e-05,1.668341974436771e-05,7.913875776921486e-09,0.0,0.0,1.0,1.0,600,2.6170859336853027
38400,30,1.0,2.8490083423093893e-05,7.914122690522163e-09,3.969064709963277e-05,3.9682698115939274e-05,7.914122690522163e-09,0.0,0.0,1.0,1.0,600,2.9893033504486084
38400,31,1.0,0.002838795306161046,0.0014062338741496205,0.004907284397631884,0.0035010515712201595,0.0014062338741496205,0.0,0.0,1.0,1.0,600,3.6401686668395996
57600,0,1.0,0.0008620253065600991,7.913876665099906e-09,0.0018001063726842403,0.0018000986892729998,7.913876665099906e-09,0.0,0.0,1.0,1.0,600,2.432656764984131
57600,1,1.0,0.007018958684056997,7.914061406211204e-09,0.00854690745472908,0.00854689721018076,7.914061406211204e-09,0.0,0.0,1.0,1.0,600,3.130664110183716
57600,2,1.0,0.0018641272326931357,7.913876665099906e-09,0.0037905825302004814,0.0037905757781118155,7.913876665099906e-09,0.0,0.0,1.0,1.0,600,4.181851863861084
57600,3,1.0,0.009506706148386002,7.913876665099906e-09,0.009575918316841125,0.009575917385518551,7.913876665099906e-09,0.0,0.0,1.0,1.0,600,3.3846733570098877
57600,4,1.0,0.03142359107732773,7.944054303266057e-09,0.06055501848459244,0.06055503711104393,7.944054303266057e-09,0.0,1.0,1.0,1.0,600,4.452343463897705
57600,5,1.0,0.0006933038239367306,7.913872224207807e-09,0.001091138576157391,0.0010911307763308287,7.913872224207807e-09,0.0,0.0,1.0,1.0,600,2.82356595993042
57600,6,1.0,0.027419598773121834,7.91374432651537e-09,0.03479868918657303,0.03479867801070213,7.91374432651537e-09,0.0,0.0,1.0,1.0,600,4.82068395614624
57600,7,1.0,0.02232220768928528,7.0387544681693726e-09,0.02958715334534645,0.0295871552079916,7.0387544681693726e-09,0.0,0.0,1.0,1.0,600,4.310471534729004
57600,8,1.0,0.017879068851470947,7.913875776921486e-09,0.02454470284283161,0.02454471029341221,7.913875776921486e-09,0.0,0.0,1.0,1.0,600,3.6452651023864746
57600,9,1.0,0.001450285199098289,0.001450285199098289,0.0014738331083208323,2.3547874661744572e-05,0.001450285199098289,0.0,0.0,1.0,1.0,600,3.5617423057556152
57600,10,1.0,0.11169948428869247,7.914048083534908e-09,0.1347844898700714,0.13478447496891022,7.914048083534908e-09,0.0,1.0,1.0,1.0,600,6.70857048034668
57600,11,1.0,0.004673618823289871,7.915488708931662e-09,0.005303550977259874,0.005303541198372841,7.915488708931662e-09,0.0,0.0,1.0,1.0,600,2.8815207481384277
57600,12,1.0,0.00851308461278677,7.913876665099906e-09,0.012635690160095692,0.012635679915547371,7.913876665099906e-09,0.0,0.0,1.0,1.0,600,3.198566436767578
57600,13,1.0,0.19785809516906738,7.913875776921486e-09,0.20165997743606567,0.2016599178314209,7.913875776921486e-09,0.0,1.0,1.0,1.0,600,7.211579322814941
57600,14,1.0,0.00022589553555008024,1.096690405155698e-09,0.00024102276074700058,0.00024102165480144322,1.096690405155698e-09,0.0,0.0,1.0,1.0,600,2.9013724327087402
57600,15,1.0,0.06796897947788239,7.946104219058725e-09,0.07651443034410477,0.07651446014642715,7.946104219058725e-09,0.0,1.0,1.0,1.0,600,4.396003723144531
57600,16,1.0,0.001825115061365068,0.00013450533151626587,0.002136901021003723,0.0020023956894874573,0.00013450533151626587,0.0,0.0,1.0,1.0,600,1.8576147556304932
57600,17,1.0,0.010960254818201065,7.914815469689529e-09,0.012059914879500866,0.012059913016855717,7.914815469689529e-09,0.0,0.0,1.0,1.0,600,3.1787712574005127
57600,18,1.0,0.003255092306062579,1.3455650332616642e-05,0.004172695335000753,0.004159239120781422,1.3455650332616642e-05,0.0,0.0,1.0,1.0,600,3.173438310623169
57600,19,1.0,0.006515993736684322,0.0004902593791484833,0.007133714389055967,0.006643456872552633,0.0004902593791484833,0.0,0.0,1.0,1.0,600,3.3636980056762695
57600,20,1.0,0.019784221425652504,0.019784221425652504,0.02826700732111931,0.008482787758111954,0.019784221425652504,0.0,0.0,1.0,1.0,600,4.079252243041992
57600,21,1.0,0.009868267923593521,7.913818045324206e-09,0.017097583040595055,0.017097588628530502,7.913818045324206e-09,0.0,0.0,1.0,1.0,600,3.7047922611236572
57600,22,1.0,0.05747110769152641,0.0002419723168713972,0.06235527992248535,0.062113307416439056,0.0002419723168713972,0.0,1.0,1.0,1.0,600,4.35644006729126
57600,23,1.0,0.01020255871117115,7.913875776921486e-09,0.024429423734545708,0.024429427459836006,7.913875776921486e-09,0.0,0.0,1.0,1.0,600,2.524798631668091
57600,24,1.0,0.005398561712354422,7.928620426866928e-09,0.006354780867695808,0.006354772485792637,7.928620426866928e-09,0.0,0.0,1.0,1.0,600,3.8271377086639404
57600,25,1.0,0.005191163159906864,7.806643331775831e-09,0.009496107697486877,0.00949611235409975,7.806643331775831e-09,0.0,0.0,1.0,1.0,600,4.856476783752441
57600,26,1.0,0.17017170786857605,7.91374610287221e-09,0.2693779766559601,0.26937785744667053,7.91374610287221e-09,0.0,1.0,1.0,1.0,600,9.09470272064209
57600,27,1.0,0.00912568811327219,0.0011342718498781323,0.022359447553753853,0.021225180476903915,0.0011342718498781323,0.0,0.0,1.0,1.0,600,3.2053449153900146
57600,28,1.0,0.0030690378043800592,7.913875776921486e-09,0.005902131553739309,0.005902124103158712,7.913875776921486e-09,0.0,0.0,1.0,1.0,600,4.240916728973389
57600,29,1.0,0.018429016694426537,-8.681369425417307e-15,0.026173735037446022,0.026173755526542664,0.0,0.0,0.0,1.0,1.0,600,3.71638822555542
57600,30,1.0,0.15386062860488892,7.913875776921486e-09,0.2132662832736969,0.2132662832736969,7.913875776921486e-09,0.0,1.0,1.0,1.0,600,7.5474772453308105
57600,31,1.0,0.0015094394329935312,0.0011128706391900778,0.001709657022729516,0.0005967864999547601,0.0011128706391900778,0.0,0.0,1.0,1.0,600,2.6261720657348633
76800,0,1.0,0.0004058486083522439,2.527579701094851e-09,0.0005655267159454525,0.0005655240966007113,2.527579701094851e-09,0.0,0.0,1.0,1.0,600,2.3286125659942627
76800,1,1.0,1.0228268365608528e-05,7.913876665099906e-09,1.795663956727367e-05,1.794872514437884e-05,7.913876665099906e-09,0.0,0.0,1.0,1.0,600,3.0150794982910156
76800,2,1.0,0.00657122815027833,0.001258663134649396,0.014497460797429085,0.013238798826932907,0.001258663134649396,0.0,0.0,1.0,1.0,600,2.9772613048553467
76800,3,1.0,0.0034387886989861727,7.913876665099906e-09,0.005414956249296665,0.005414949730038643,7.913876665099906e-09,0.0,0.0,1.0,1.0,600,3.1062049865722656
76800,4,1.0,0.13297633826732635,7.945987867685744e-09,0.15480776131153107,0.15480785071849823,7.945987867685744e-09,0.0,1.0,1.0,1.0,600,6.680493354797363
76800,5,1.0,0.01157341618090868,0.004799359478056431,0.015861541032791138,0.011062180623412132,0.004799359478056431,0.0,0.0,1.0,1.0,600,3.9396004676818848
76800,6,1.0,0.0012238582130521536,7.913876665099906e-09,0.0030520320869982243,0.00305202417075634,7.913876665099906e-09,0.0,0.0,1.0,1.0,600,2.422097682952881
76800,7,1.0,0.001323983888141811,7.617220632027966e-09,0.002528790384531021,0.0025287827011197805,7.617220632027966e-09,0.0,0.0,1.0,1.0,600,2.9696483612060547
76800,8,1.0,0.021817026659846306,7.913876665099906e-09,0.026166830211877823,0.02616683579981327,7.913876665099906e-09,0.0,0.0,1.0,1.0,600,3.5859522819519043
76800,9,1.0,0.02689056657254696,2.3729260192340007e-06,0.029955964535474777,0.029953613877296448,2.3729260192340007e-06,0.0,0.0,1.0,1.0,600,3.1104702949523926
76800,10,1.0,0.0015796670923009515,7.913876665099906e-09,0.0029030581936240196,0.002903050510212779,7.913876665099906e-09,0.0,0.0,1.0,1.0,600,2.851503372192383
76800,11,1.0,0.047997407615184784,0.0005889422027394176,0.06126804277300835,0.06067910045385361,0.0005889422027394176,0.0,1.0,1.0,1.0,600,4.226649284362793
76800,12,1.0,0.0037405788898468018,7.913875776921486e-09,0.003835013834759593,0.0038350059185177088,7.913875776921486e-09,0.0,0.0,1.0,1.0,600,3.5453453063964844
76800,13,1.0,0.006996369455009699,7.913845578855216e-09,0.00733957951888442,0.007339569739997387,7.913845578855216e-09,0.0,0.0,1.0,1.0,600,3.4572598934173584
76800,14,1.0,0.00279874075204134,7.913875776921486e-09,0.007232931442558765,0.007232923060655594,7.913875776921486e-09,0.0,0.0,1.0,1.0,600,3.1126251220703125
76800,15,1.0,0.02500113844871521,0.02174428477883339,0.0469786711037159,0.025234399363398552,0.02174428477883339,0.0,0.0,1.0,1.0,600,4.412370204925537
76800,16,1.0,0.03640325367450714,7.748459651679696e-09,0.04906541481614113,0.04906541854143143,7.748459651679696e-09,0.0,0.0,1.0,1.0,600,4.507894039154053
76800,17,1.0,0.011985229328274727,2.527507758642855e-09,0.017261700704693794,0.01726170815527439,2.527507758642855e-09,0.0,0.0,1.0,1.0,600,3.579162359237671
76800,18,1.0,0.005896243266761303,2.6584072543300863e-07,0.010645867325365543,0.010645606555044651,2.6584072543300863e-07,0.0,0.0,1.0,1.0,600,4.275576591491699
76800,19,1.0,0.07306291162967682,7.670124091418984e-09,0.10317075252532959,0.10317075997591019,7.670124091418984e-09,0.0,1.0,1.0,1.0,600,4.616401672363281
76800,20,1.0,0.0014510879991576076,7.139917670428986e-07,0.003656733315438032,0.003656021086499095,7.139917670428986e-07,0.0,0.0,1.0,1.0,600,3.1935648918151855
76800,21,1.0,0.00023905270791146904,7.913875776921486e-09,0.0006923478213138878,0.00069233967224136,7.913875776921486e-09,0.0,0.0,1.0,1.0,600,3.406311511993408
76800,22,1.0,0.1468828320503235,0.002343779895454645,0.1708710640668869,0.1685272604227066,0.002343779895454645,0.0,1.0,1.0,1.0,600,6.208299160003662
76800,23,1.0,0.004214525688439608,7.913876665099906e-09,0.004446729552000761,0.004446722567081451,7.913876665099906e-09,0.0,0.0,1.0,1.0,600,3.295308828353882
76800,24,1.0,0.01450495794415474,0.0014295387081801891,0.027975117787718773,0.026545584201812744,0.0014295387081801891,0.0,0.0,1.0,1.0,600,3.3495256900787354
76800,25,1.0,0.002019047038629651,7.913875776921486e-09,0.0025561731308698654,0.002556165913119912,7.913875776921486e-09,0.0,0.0,1.0,1.0,600,3.245779037475586
76800,26,1.0,0.013151494786143303,0.001475222408771515,0.032829076051712036,0.03135386481881142,0.001475222408771515,0.0,0.0,1.0,1.0,600,4.5109477043151855
76800,27,1.0,0.0049460818991065025,5.428901204140857e-06,0.005276783835142851,0.005271355155855417,5.428901204140857e-06,0.0,0.0,1.0,1.0,600,3.6549441814422607
76800,28,1.0,0.00022141709632705897,7.913875776921486e-09,0.0005613452522084117,0.0005613375687971711,7.913875776921486e-09,0.0,0.0,1.0,1.0,600,3.2107889652252197
76800,29,1.0,0.001227925531566143,7.913875776921486e-09,0.0021877624094486237,0.0021877558901906013,7.913875776921486e-09,0.0,0.0,1.0,1.0,600,3.7966251373291016
76800,30,1.0,0.00701584666967392,7.913875776921486e-09,0.007763777859508991,0.007763770408928394,7.913875776921486e-09,0.0,0.0,1.0,1.0,600,3.535548448562622
76800,31,1.0,0.018182193860411644,0.00010705999739002436,0.02110649086534977,0.020999426022171974,0.00010705999739002436,0.0,0.0,1.0,1.0,600,3.6381518840789795
96000,0,1.0,0.017779000103473663,7.913868671494129e-09,0.020817378535866737,0.02081736922264099,7.913868671494129e-09,0.0,0.0,1.0,1.0,600,2.997492790222168
96000,1,1.0,0.00021669920533895493,7.913876665099906e-09,0.0005053752101957798,0.0005053672939538956,7.913876665099906e-09,0.0,0.0,1.0,1.0,600,1.7203974723815918
96000,2,1.0,0.06555113941431046,7.913876665099906e-09,0.06989064812660217,0.06989064812660217,7.913876665099906e-09,0.0,1.0,1.0,1.0,600,5.443277835845947
96000,3,1.0,0.013339987955987453,7.913874888743067e-09,0.017354300245642662,0.017354300245642662,7.913874888743067e-09,0.0,0.0,1.0,1.0,600,3.8292975425720215
96000,4,1.0,0.028646666556596756,7.913875776921486e-09,0.03686094284057617,0.036860980093479156,7.913875776921486e-09,0.0,0.0,1.0,1.0,600,4.039974689483643
96000,5,1.0,0.19233641028404236,0.012215323746204376,0.21037809550762177,0.19816282391548157,0.012215323746204376,0.0,1.0,1.0,1.0,600,6.215209484100342
96000,6,1.0,0.05790816619992256,7.913871336029388e-09,0.058135710656642914,0.05813569948077202,7.913871336029388e-09,0.0,1.0,1.0,1.0,600,3.2130160331726074
96000,7,1.0,0.02021288312971592,7.913875776921486e-09,0.041957903653383255,0.04195791855454445,7.913875776921486e-09,0.0,0.0,1.0,1.0,600,4.102162837982178
96000,8,1.0,0.1863083392381668,-1.9077945889733883e-09,0.20790153741836548,0.20790159702301025,0.0,0.0,1.0,1.0,1.0,600,8.066105842590332
96000,9,1.0,0.11307159811258316,7.913874888743067e-09,0.11545725166797638,0.11545723676681519,7.913874888743067e-09,0.0,1.0,1.0,1.0,600,4.830978870391846
96000,10,1.0,0.001355868997052312,7.913875776921486e-09,0.0026616896502673626,0.0026616828981786966,7.913875776921486e-09,0.0,0.0,1.0,1.0,600,2.657564401626587
96000,11,1.0,0.007229907903820276,7.913875776921486e-09,0.016433916985988617,0.016433890908956528,7.913875776921486e-09,0.0,0.0,1.0,1.0,600,4.2249040603637695
96000,12,1.0,0.23116706311702728,7.913875776921486e-09,0.23808220028877258,0.23808223009109497,7.913875776921486e-09,0.0,1.0,1.0,1.0,600,6.8584303855896
96000,13,1.0,0.03812499716877937,7.913874888743067e-09,0.039224956184625626,0.03922494873404503,7.913874888743067e-09,0.0,0.0,1.0,1.0,600,3.7247862815856934
96000,14,1.0,0.00242277211509645,7.913875776921486e-09,0.007091450970619917,0.0070914458483457565,7.913875776921486e-09,0.0,0.0,1.0,1.0,600,3.6643528938293457
96000,15,1.0,0.05359416455030441,7.913876665099906e-09,0.05449840798974037,0.05449839308857918,7.913876665099906e-09,0.0,1.0,1.0,1.0,600,3.6069793701171875
96000,16,1.0,0.0003918946604244411,7.913876665099906e-09,0.001263921265490353,0.0012639138149097562,7.913876665099906e-09,0.0,0.0,1.0,1.0,600,2.824592113494873
96000,17,1.0,0.1848575323820114,7.913871336029388e-09,0.22974778711795807,0.22974777221679688,7.913871336029388e-09,0.0,1.0,1.0,1.0,600,7.6259942054748535
96000,18,1.0,0.13425736129283905,7.913875776921486e-09,0.15234336256980896,0.15234340727329254,7.913875776921486e-09,0.0,1.0,1.0,1.0,600,5.3531813621521
96000,19,1.0,0.145271897315979,7.913876665099906e-09,0.1472282111644745,0.1472282111644745,7.913876665099906e-09,0.0,1.0,1.0,1.0,600,6.219784259796143
96000,20,1.0,0.000701198645401746,7.913876665099906e-09,0.001318091875873506,0.0013180841924622655,7.913876665099906e-09,0.0,0.0,1.0,1.0,600,2.0783321857452393
96000,21,1.0,0.004035831429064274,7.913875776921486e-09,0.007540515623986721,0.0075405053794384,7.913875776921486e-09,0.0,0.0,1.0,1.0,600,3.0170822143554688
96000,22,1.0,0.02068660967051983,0.0009875610703602433,0.028861723840236664,0.027874156832695007,0.0009875610703602433,0.0,0.0,1.0,1.0,600,2.9093515872955322
96000,23,1.0,0.0006459729047492146,7.913875776921486e-09,0.0017305529909208417,0.0017305451910942793,7.913875776921486e-09,0.0,0.0,1.0,1.0,600,2.7603023052215576
96000,24,1.0,0.31436020135879517,7.913875776921486e-09,0.33334779739379883,0.33334779739379883,7.913875776921486e-09,0.0,1.0,1.0,1.0,600,10.638562202453613
96000,25,1.0,0.006865169852972031,-1.4836455631758727e-13,0.010481711477041245,0.010481719858944416,0.0,0.0,0.0,1.0,1.0,600,2.3439977169036865
96000,26,1.0,0.006289898417890072,1.2078635869272603e-08,0.00792856328189373,0.007928557693958282,1.2078635869272603e-08,0.0,0.0,1.0,1.0,600,4.5589919090271
96000,27,1.0,0.08656509220600128,7.913876665099906e-09,0.08895479887723923,0.08895479142665863,7.913876665099906e-09,0.0,1.0,1.0,1.0,600,4.296995162963867
96000,28,1.0,0.0016550066648051143,7.913875776921486e-09,0.006153067573904991,0.006153062917292118,7.913875776921486e-09,0.0,0.0,1.0,1.0,600,4.497085094451904
96000,29,1.0,0.15602175891399384,7.913875776921486e-09,0.1572430431842804,0.1572430580854416,7.913875776921486e-09,0.0,1.0,1.0,1.0,600,5.921714782714844
96000,30,1.0,0.011420906521379948,0.00212320638820529,0.023689286783337593,0.021566087380051613,0.00212320638820529,0.0,0.0,1.0,1.0,600,3.0258569717407227
96000,31,1.0,0.268684983253479,7.913872224207807e-09,0.2842365503311157,0.28423652052879333,7.913872224207807e-09,0.0,1.0,1.0,1.0,600,8.85892105102539
115200,0,1.0,0.025095637887716293,7.913871336029388e-09,0.025431284680962563,0.025431262329220772,7.913871336029388e-09,0.0,0.0,1.0,1.0,600,2.667757272720337
115200,1,1.0,0.014409437775611877,7.913875776921486e-09,0.015142853371798992,0.015142853371798992,7.913875776921486e-09,0.0,0.0,1.0,1.0,600,3.3823347091674805
115200,2,1.0,0.04181535542011261,7.913876665099906e-09,0.04951624944806099,0.049516256898641586,7.913876665099906e-09,0.0,0.0,1.0,1.0,600,2.482402801513672
115200,3,1.0,0.0012719648657366633,7.913876665099906e-09,0.0014717451995238662,0.0014717375161126256,7.913876665099906e-09,0.0,0.0,1.0,1.0,600,2.4808108806610107
115200,4,1.0,0.015824196860194206,0.015824196860194206,0.038305725902318954,0.0224815234541893,0.015824196860194206,0.0,0.0,1.0,1.0,600,2.842165470123291
115200,5,1.0,0.008329661563038826,7.913875776921486e-09,0.008636959828436375,0.00863696075975895,7.913875776921486e-09,0.0,0.0,1.0,1.0,600,3.051637887954712
115200,6,1.0,2.9809064017172204e-06,7.913869559672548e-09,1.1960157280554995e-05,1.195223376271315e-05,7.913869559672548e-09,0.0,0.0,1.0,1.0,600,2.7860734462738037
115200,7,1.0,0.00011209498188691214,7.913868671494129e-09,0.00013013154966756701,0.00013012370618525892,7.913868671494129e-09,0.0,0.0,1.0,1.0,600,2.5096993446350098
115200,8,1.0,0.0012620857451111078,7.913876665099906e-09,0.0012754329945892096,0.001275425311177969,7.913876665099906e-09,0.0,0.0,1.0,1.0,600,2.485175371170044
115200,9,1.0,0.005580867640674114,0.005430571269243956,0.007351301144808531,0.001920729991979897,0.005430571269243956,0.0,0.0,1.0,1.0,600,2.674631357192993
115200,10,1.0,0.006368470843881369,7.913875776921486e-09,0.0064508081413805485,0.0064508006907999516,7.913875776921486e-09,0.0,0.0,1.0,1.0,600,2.598888397216797
115200,11,1.0,0.0819438248872757,7.913870447850968e-09,0.08251798897981644,0.08251794427633286,7.913870447850968e-09,0.0,1.0,1.0,1.0,600,4.034495830535889
115200,12,1.0,0.02502075955271721,7.913875776921486e-09,0.026215022429823875,0.026215020567178726,7.913875776921486e-09,0.0,0.0,1.0,1.0,600,1.796851634979248
115200,13,1.0,0.04576082527637482,7.913875776921486e-09,0.04713147133588791,0.04713146388530731,7.913875776921486e-09,0.0,0.0,1.0,1.0,600,3.3726003170013428
115200,14,1.0,0.0013435845030471683,7.913875776921486e-09,0.0018195253796875477,0.0018195168813690543,7.913875776921486e-09,0.0,0.0,1.0,1.0,600,2.921221971511841
115200,15,1.0,0.00024269058485515416,7.913876665099906e-09,0.0007025790400803089,0.0007025711820460856,7.913876665099906e-09,0.0,0.0,1.0,1.0,600,3.061662435531616
115200,16,1.0,0.0043843830935657024,7.913876665099906e-09,0.006597172934561968,0.006597165949642658,7.913876665099906e-09,0.0,0.0,1.0,1.0,600,3.398756504058838
115200,17,1.0,1.8377670130576007e-05,7.913875776921486e-09,3.619954441091977e-05,3.619159906520508e-05,7.913875776921486e-09,0.0,0.0,1.0,1.0,600,1.5953494310379028
115200,18,1.0,0.004603698384016752,7.913875776921486e-09,0.005466455593705177,0.005466449074447155,7.913875776921486e-09,0.0,0.0,1.0,1.0,600,2.8391671180725098
115200,19,1.0,0.014545132406055927,7.913876665099906e-09,0.016591042280197144,0.016591042280197144,7.913876665099906e-09,0.0,0.0,1.0,1.0,600,1.7559802532196045
115200,20,1.0,0.0013747577322646976,7.913876665099906e-09,0.002059455495327711,0.0020594473462551832,7.913876665099906e-09,0.0,0.0,1.0,1.0,600,1.93580162525177
115200,21,1.0,0.010350359603762627,7.913875776921486e-09,0.011587079614400864,0.011587078683078289,7.913875776921486e-09,0.0,0.0,1.0,1.0,600,1.8688178062438965
115200,22,1.0,0.14118413627147675,7.913876665099906e-09,0.1416252702474594,0.1416252702474594,7.913876665099906e-09,0.0,1.0,1.0,1.0,600,5.510524272918701
115200,23,1.0,0.008203447796404362,7.913875776921486e-09,0.00831589289009571,0.008315890096127987,7.913875776921486e-09,0.0,0.0,1.0,1.0,600,3.2681570053100586
115200,24,1.0,0.009110923856496811,7.913874888743067e-09,0.009122398681938648,0.009122390300035477,7.913874888743067e-09,0.0,0.0,1.0,1.0,600,1.991506814956665
115200,25,1.0,0.00029199407435953617,7.913875776921486e-09,0.000355727766873315,0.00035571990883909166,7.913875776921486e-09,0.0,0.0,1.0,1.0,600,2.7065224647521973
115200,26,1.0,0.00021682007354684174,7.913875776921486e-09,0.00028807410853914917,0.0002880661631934345,7.913875776921486e-09,0.0,0.0,1.0,1.0,600,2.4725356101989746
115200,27,1.0,0.0030226511880755424,7.913875776921486e-09,0.005543700885027647,0.0055436911061406136,7.913875776921486e-09,0.0,0.0,1.0,1.0,600,2.5853090286254883
115200,28,1.0,0.0004684623272623867,7.913875776921486e-09,0.0007037767791189253,0.0007037686882540584,7.913875776921486e-09,0.0,0.0,1.0,1.0,600,1.634837031364441
115200,29,1.0,0.020771341398358345,1.1791244958203606e-07,0.04768965765833855,0.04768955335021019,1.1791244958203606e-07,0.0,0.0,1.0,1.0,600,3.4071648120880127
115200,30,1.0,0.0006428769556805491,3.9025111618684605e-05,0.0008355360478162766,0.0007965110708028078,3.9025111618684605e-05,0.0,0.0,1.0,1.0,600,3.00373911857605
115200,31,1.0,0.0004885530797764659,7.913875776921486e-09,0.0012405378511175513,0.0012405302841216326,7.913875776921486e-09,0.0,0.0,1.0,1.0,600,3.131122350692749
134400,0,1.0,0.004303870256990194,7.913876665099906e-09,0.005899870302528143,0.005899861920624971,7.913876665099906e-09,0.0,0.0,1.0,1.0,600,3.193720579147339
134400,1,1.0,0.0018796030199155211,7.913876665099906e-09,0.0021167395170778036,0.002116732532158494,7.913876665099906e-09,0.0,0.0,1.0,1.0,600,2.2514050006866455
134400,2,1.0,0.001699564978480339,7.913876665099906e-09,0.002850071294233203,0.0028500626794993877,7.913876665099906e-09,0.0,0.0,1.0,1.0,600,2.512377977371216
134400,3,1.0,0.002074228134006262,7.180091188274673e-07,0.0028530850540846586,0.002852369099855423,7.180091188274673e-07,0.0,0.0,1.0,1.0,600,2.600065231323242
134400,4,1.0,0.0004962874809280038,7.913876665099906e-09,0.00120487657841295,0.0012048687785863876,7.913876665099906e-09,0.0,0.0,1.0,1.0,600,2.762028217315674
134400,5,1.0,0.006883698515594006,7.913875776921486e-09,0.007883749902248383,0.007883748970925808,7.913875776921486e-09,0.0,0.0,1.0,1.0,600,1.7140882015228271
134400,6,1.0,0.003854659153148532,7.337122909234495e-09,0.004777305759489536,0.004777300171554089,7.337122909234495e-09,0.0,0.0,1.0,1.0,600,2.252656936645508
134400,7,1.0,0.03818117082118988,7.915556210491559e-09,0.052209656685590744,0.05220966413617134,7.915556210491559e-09,0.0,1.0,1.0,1.0,600,3.191685676574707
134400,8,1.0,0.017038734629750252,7.913875776921486e-09,0.017081407830119133,0.01708141341805458,7.913875776921486e-09,0.0,0.0,1.0,1.0,600,1.984053373336792
134400,9,1.0,0.0007404721691273153,7.913876665099906e-09,0.0011028647422790527,0.0011028572916984558,7.913876665099906e-09,0.0,0.0,1.0,1.0,600,2.0718417167663574
134400,10,1.0,0.030247993767261505,7.913819821681045e-09,0.03127318248152733,0.031273189932107925,7.913819821681045e-09,0.0,0.0,1.0,1.0,600,3.128568410873413
134400,11,1.0,0.000694822461809963,7.880319508046796e-09,0.0031433000694960356,0.0031432914547622204,7.880319508046796e-09,0.0,0.0,1.0,1.0,600,2.8321077823638916
134400,12,1.0,0.04301586374640465,9.540507966976364e-11,0.045361947268247604,0.0453619547188282,9.540507966976364e-11,0.0,0.0,1.0,1.0,600,4.348329544067383
134400,13,1.0,9.022757149068639e-05,7.913875776921486e-09,0.00021134909184183925,0.00021134120470378548,7.913875776921486e-09,0.0,0.0,1.0,1.0,600,2.6489462852478027
134400,14,1.0,0.0007531545124948025,3.0955092711337784e-07,0.0021339692175388336,0.0021336604841053486,3.0955092711337784e-07,0.0,0.0,1.0,1.0,600,2.358790636062622
134400,15,1.0,0.03833850473165512,1.5837863243106653e-09,0.05006258934736252,0.05006259307265282,1.5837863243106653e-09,0.0,1.0,1.0,1.0,600,3.4029107093811035
134400,16,1.0,0.0015117758885025978,4.051375071867369e-05,0.0061600785702466965,0.006119563709944487,4.051375071867369e-05,0.0,0.0,1.0,1.0,600,2.9085917472839355
134400,17,1.0,0.000394154543755576,7.913876665099906e-09,0.0004977495409548283,0.0004977415082976222,7.913876665099906e-09,0.0,0.0,1.0,1.0,600,2.531018018722534
134400,18,1.0,0.16301530599594116,-4.132533291262286e-12,0.18523268401622772,0.1852327287197113,0.0,0.0,1.0,1.0,1.0,600,6.004239082336426
134400,19,1.0,0.00043485089554451406,7.913874888743067e-09,0.0005632118554785848,0.0005632040556520224,7.913874888743067e-09,0.0,0.0,1.0,1.0,600,2.3140273094177246
134400,20,1.0,0.0009007047628983855,7.913876665099906e-09,0.0016101357759907842,0.001610128441825509,7.913876665099906e-09,0.0,0.0,1.0,1.0,600,2.5281481742858887
134400,21,1.0,0.00036097789416089654,7.913871336029388e-09,0.0005394595209509134,0.000539451721124351,7.913871336029388e-09,0.0,0.0,1.0,1.0,600,2.862344264984131
134400,22,1.0,0.0005049020401202142,7.727293649395506e-08,0.0014405744150280952,0.0014404978137463331,7.727293649395506e-08,0.0,0.0,1.0,1.0,600,2.826910972595215
134400,23,1.0,0.0033759179059416056,2.5275799231394558e-09,0.005393586121499538,0.005393580999225378,2.5275799231394558e-09,0.0,0.0,1.0,1.0,600,1.7740708589553833
134400,24,1.0,0.0033110082149505615,7.913876665099906e-09,0.0038365742657333612,0.0038365668151527643,7.913876665099906e-09,0.0,0.0,1.0,1.0,600,1.9456334114074707
134400,25,1.0,0.0009208366391249001,7.913875776921486e-09,0.002034541917964816,0.0020345342345535755,7.913875776921486e-09,0.0,0.0,1.0,1.0,600,1.826654314994812
134400,26,1.0,0.027209069579839706,7.913875776921486e-09,0.027320293709635735,0.027320288121700287,7.913875776921486e-09,0.0,0.0,1.0,1.0,600,3.0637290477752686
134400,27,1.0,0.0009132358245551586,6.676891928236728e-09,0.0013679175172001123,0.0013679106486961246,6.676891928236728e-09,0.0,0.0,1.0,1.0,600,2.520778179168701
134400,28,1.0,0.024935467168688774,0.00044562379480339587,0.05698174983263016,0.05653616040945053,0.00044562379480339587,0.0,1.0,1.0,1.0,600,3.4144577980041504
134400,29,1.0,0.00017740338807925582,7.913876665099906e-09,0.0004169610037934035,0.00041695311665534973,7.913876665099906e-09,0.0,0.0,1.0,1.0,600,2.746795892715454
134400,30,1.0,0.0004194584034848958,3.6060012753580395e-09,0.0006296468782238662,0.0006296431529335678,3.6060012753580395e-09,0.0,0.0,1.0,1.0,600,1.5905613899230957
134400,31,1.0,0.0057828049175441265,7.913876665099906e-09,0.007596989162266254,0.0075969817116856575,7.913876665099906e-09,0.0,0.0,1.0,1.0,600,1.7925512790679932
153600,0,1.0,0.014343123883008957,7.913874888743067e-09,0.014795677736401558,0.014795666560530663,7.913874888743067e-09,0.0,0.0,1.0,1.0,600,2.9785282611846924
153600,1,1.0,0.004377954173833132,7.913876665099906e-09,0.004846461117267609,0.004846454132348299,7.913876665099906e-09,0.0,0.0,1.0,1.0,600,2.6636297702789307
153600,2,1.0,0.0004629101313184947,7.913875776921486e-09,0.0007998166838660836,0.0007998091168701649,7.913875776921486e-09,0.0,0.0,1.0,1.0,600,2.549098491668701
153600,3,1.0,0.019698647782206535,7.927685174990984e-09,0.02322845347225666,0.023228449746966362,7.927685174990984e-09,0.0,0.0,1.0,1.0,600,3.0813827514648438
153600,4,1.0,0.021998731419444084,7.911274302330185e-09,0.024568093940615654,0.02456810139119625,7.911274302330185e-09,0.0,0.0,1.0,1.0,600,4.068454742431641
153600,5,1.0,0.013403579592704773,7.940029078667976e-09,0.013503607362508774,0.013503601774573326,7.940029078667976e-09,0.0,0.0,1.0,1.0,600,2.084406614303589
153600,6,1.0,0.0015497844433411956,7.913876665099906e-09,0.0018875229870900512,0.0018875153036788106,7.913876665099906e-09,0.0,0.0,1.0,1.0,600,2.9956376552581787
153600,7,1.0,0.11382664740085602,7.913876665099906e-09,0.1229182779788971,0.1229182630777359,7.913876665099906e-09,0.0,1.0,1.0,1.0,600,5.488240718841553
153600,8,1.0,6.320565262285527e-06,6.60032384303122e-08,1.4335980267787818e-05,1.4269978237280156e-05,6.60032384303122e-08,0.0,0.0,1.0,1.0,600,2.680373430252075
153600,9,1.0,0.004683286417275667,7.913844690676797e-09,0.005154889076948166,0.005154882092028856,7.913844690676797e-09,0.0,0.0,1.0,1.0,600,1.5344997644424438
153600,10,1.0,0.007467862218618393,7.913875776921486e-09,0.007630337495356798,0.0076303305104374886,7.913875776921486e-09,0.0,0.0,1.0,1.0,600,2.9779369831085205
153600,11,1.0,0.006084696855396032,7.913876665099906e-09,0.007904133759438992,0.007904131896793842,7.913876665099906e-09,0.0,0.0,1.0,1.0,600,2.0008816719055176
153600,12,1.0,0.0054251463152468204,5.348606002542056e-09,0.007673998363316059,0.007673996035009623,5.348606002542056e-09,0.0,0.0,1.0,1.0,600,2.9066357612609863
153600,13,1.0,0.01962151937186718,7.913927291269829e-09,0.0203220397233963,0.020322035998106003,7.913927291269829e-09,0.0,0.0,1.0,1.0,600,3.286566734313965
153600,14,1.0,0.009153301827609539,0.0013303878949955106,0.018752768635749817,0.017422381788492203,0.0013303878949955106,0.0,0.0,1.0,1.0,600,3.373243808746338
153600,15,1.0,0.010027709417045116,7.913876665099906e-09,0.01861416921019554,0.01861417293548584,7.913876665099906e-09,0.0,0.0,1.0,1.0,600,3.1361582279205322
153600,16,1.0,0.003982440568506718,7.913875776921486e-09,0.007953616790473461,0.007953614927828312,7.913875776921486e-09,0.0,0.0,1.0,1.0,600,3.327528476715088
153600,17,1.0,0.004401607904583216,7.937578594408023e-09,0.006636610720306635,0.00663659768179059,7.937578594408023e-09,0.0,0.0,1.0,1.0,600,3.406954288482666
153600,18,1.0,0.001688681310042739,7.913875776921486e-09,0.0025848562363535166,0.0025848494842648506,7.913875776921486e-09,0.0,0.0,1.0,1.0,600,3.2044947147369385
153600,19,1.0,0.03363886848092079,7.913876665099906e-09,0.04003607854247093,0.040036071091890335,7.913876665099906e-09,0.0,0.0,1.0,1.0,600,3.7339515686035156
153600,20,1.0,0.01394714880734682,7.91386689513729e-09,0.014386487193405628,0.014386488124728203,7.91386689513729e-09,0.0,0.0,1.0,1.0,600,2.8683905601501465
153600,21,1.0,0.018727092072367668,7.913876665099906e-09,0.02653578855097294,0.02653578855097294,7.913876665099906e-09,0.0,0.0,1.0,1.0,600,2.3361032009124756
153600,22,1.0,0.0043243663385510445,7.913875776921486e-09,0.004420015029609203,0.00442001037299633,7.913875776921486e-09,0.0,0.0,1.0,1.0,600,2.43119740486145
153600,23,1.0,0.043346088379621506,7.913875776921486e-09,0.04335938021540642,0.04335937649011612,7.913875776921486e-09,0.0,0.0,1.0,1.0,600,2.7346365451812744
153600,24,1.0,0.0047816019505262375,0.0047816019505262375,0.00763799948617816,0.0028563980013132095,0.0047816019505262375,0.0,0.0,1.0,1.0,600,4.069508075714111
153600,25,1.0,0.0008215988054871559,7.913876665099906e-09,0.0017399878706783056,0.0017399799544364214,7.913876665099906e-09,0.0,0.0,1.0,1.0,600,3.328469753265381
153600,26,1.0,0.26114776730537415,1.1522224241389267e-07,0.26567456126213074,0.26567450165748596,1.1522224241389267e-07,0.0,1.0,1.0,1.0,600,9.131607055664062
153600,27,1.0,0.0030413472559303045,7.914045418999649e-09,0.0038556584622710943,0.0038556510116904974,7.914045418999649e-09,0.0,0.0,1.0,1.0,600,3.049621105194092
153600,28,1.0,0.005926476791501045,7.913876665099906e-09,0.007637538947165012,0.00763753242790699,7.913876665099906e-09,0.0,0.0,1.0,1.0,600,1.8213844299316406
153600,29,1.0,0.005768704228103161,7.913871336029388e-09,0.012915127910673618,0.012915116734802723,7.913871336029388e-09,0.0,0.0,1.0,1.0,600,2.6796958446502686
153600,30,1.0,0.002251115394756198,7.913876665099906e-09,0.004393415525555611,0.004393405746668577,7.913876665099906e-09,0.0,0.0,1.0,1.0,600,3.1789841651916504
153600,31,1.0,0.002460615476593375,7.913876665099906e-09,0.002477997448295355,0.0024779902305454016,7.913876665099906e-09,0.0,0.0,1.0,1.0,600,3.7837002277374268
172800,0,1.0,0.010129348374903202,7.913823374394724e-09,0.021150747314095497,0.021150747314095497,7.913823374394724e-09,0.0,0.0,1.0,1.0,600,3.411090612411499
172800,1,1.0,0.0015152746345847845,0.0015152746345847845,0.00326984329149127,0.0017545685404911637,0.0015152746345847845,0.0,0.0,1.0,1.0,600,2.1207661628723145
172800,2,1.0,0.006849416997283697,7.913876665099906e-09,0.009955156594514847,0.009955157525837421,7.913876665099906e-09,0.0,0.0,1.0,1.0,600,3.293823719024658
172800,3,1.0,0.11169078201055527,7.913875776921486e-09,0.1311991661787033,0.1311992108821869,7.913875776921486e-09,0.0,1.0,1.0,1.0,600,5.150972843170166
172800,4,1.0,0.034103356301784515,7.923973477375057e-09,0.038804762065410614,0.038804758340120316,7.923973477375057e-09,0.0,0.0,1.0,1.0,600,3.99788236618042
172800,5,1.0,0.009701470844447613,7.677046554022127e-09,0.02156631276011467,0.02156631462275982,7.677046554022127e-09,0.0,0.0,1.0,1.0,600,1.8539443016052246
172800,6,1.0,0.0015861965948715806,0.00028874893905594945,0.0027412129566073418,0.0024524633772671223,0.00028874893905594945,0.0,0.0,1.0,1.0,600,2.537757158279419
172800,7,1.0,0.004032720811665058,6.838008630438708e-07,0.01219769287854433,0.012197008356451988,6.838008630438708e-07,0.0,0.0,1.0,1.0,600,3.2158803939819336
172800,8,1.0,0.001323644071817398,0.0005335481837391853,0.004064215812832117,0.0035306683275848627,0.0005335481837391853,0.0,0.0,1.0,1.0,600,2.6141483783721924
172800,9,1.0,0.014383223839104176,7.913131483405778e-09,0.025519587099552155,0.025519581511616707,7.913131483405778e-09,0.0,0.0,1.0,1.0,600,3.422272205352783
172800,10,1.0,0.018375664949417114,6.91199675273424e-09,0.03539435192942619,0.035394374281167984,6.91199675273424e-09,0.0,0.0,1.0,1.0,600,2.8818581104278564
172800,11,1.0,0.0017525652656331658,0.0001817857555579394,0.005900226999074221,0.005718439817428589,0.0001817857555579394,0.0,0.0,1.0,1.0,600,1.3153518438339233
172800,12,1.0,0.00012869923375546932,2.3274298655451275e-05,0.00017162947915494442,0.00014835523325018585,2.3274298655451275e-05,0.0,0.0,1.0,1.0,600,2.0177180767059326
172800,13,1.0,0.00040799487032927573,7.913876665099906e-09,0.0004229256883263588,0.0004229177429806441,7.913876665099906e-09,0.0,0.0,1.0,1.0,600,3.0755507946014404
172800,14,1.0,0.00012302330287639052,7.913875776921486e-09,0.00018700186046771705,0.00018699395877774805,7.913875776921486e-09,0.0,0.0,1.0,1.0,600,3.1744003295898438
172800,15,1.0,0.0013771004742011428,5.004568083677441e-05,0.0016411127289757133,0.0015910672955214977,5.004568083677441e-05,0.0,0.0,1.0,1.0,600,2.7063610553741455
172800,16,1.0,0.047543808817863464,7.913875776921486e-09,0.04756339639425278,0.04756338894367218,7.913875776921486e-09,0.0,0.0,1.0,1.0,600,3.624803066253662
172800,17,1.0,0.00040980117046274245,7.913743438336951e-09,0.00042548918281681836,0.0004254812083672732,7.913743438336951e-09,0.0,0.0,1.0,1.0,600,1.5520776510238647
172800,18,1.0,0.010172504000365734,7.422737535733859e-09,0.01781003177165985,0.017810026183724403,7.422737535733859e-09,0.0,0.0,1.0,1.0,600,2.648073673248291
172800,19,1.0,0.0006027124472893775,7.913875776921486e-09,0.0006470484076999128,0.0006470405496656895,7.913875776921486e-09,0.0,0.0,1.0,1.0,600,2.886488437652588
172800,20,1.0,6.015934559400193e-06,7.913875776921486e-09,1.5689543943153694e-05,1.568163133924827e-05,7.913875776921486e-09,0.0,0.0,1.0,1.0,600,2.8030359745025635
172800,21,1.0,0.00961843878030777,5.063670414529042e-06,0.011518774554133415,0.0115137230604887,5.063670414529042e-06,0.0,0.0,1.0,1.0,600,2.9079627990722656
172800,22,1.0,0.02497454732656479,7.913874888743067e-09,0.028826367110013962,0.028826354071497917,7.913874888743067e-09,0.0,0.0,1.0,1.0,600,3.2476119995117188
172800,23,1.0,2.5428160370211117e-05,7.035779070463377e-09,3.888616629410535e-05,3.887912316713482e-05,7.035779070463377e-09,0.0,0.0,1.0,1.0,600,1.153849720954895
172800,24,1.0,0.005697482265532017,6.9173871075634e-09,0.015572682954370975,0.015572688542306423,6.9173871075634e-09,0.0,0.0,1.0,1.0,600,2.9929537773132324
172800,25,1.0,0.000956792791839689,0.0007333508692681789,0.004228586796671152,0.0034952356945723295,0.0007333508692681789,0.0,0.0,1.0,1.0,600,2.834991216659546
172800,26,1.0,0.001270965556614101,7.55403029017998e-09,0.0022804373875260353,0.0022804306354373693,7.55403029017998e-09,0.0,0.0,1.0,1.0,600,2.822725534439087
172800,27,1.0,0.002273951657116413,7.913756761013246e-09,0.003324009943753481,0.0033240029588341713,7.913756761013246e-09,0.0,0.0,1.0,1.0,600,3.2782158851623535
172800,28,1.0,0.0011542396387085319,-1.249852998874701e-10,0.002697320654988289,0.0026973201893270016,0.0,0.0,0.0,1.0,1.0,600,1.1116704940795898
172800,29,1.0,0.05172055587172508,7.790248446326586e-09,0.06327808648347855,0.06327805668115616,7.790248446326586e-09,0.0,1.0,1.0,1.0,600,3.9204986095428467
172800,30,1.0,0.00467489380389452,7.8604012188066e-09,0.009598203003406525,0.009598205797374249,7.8604012188066e-09,0.0,0.0,1.0,1.0,600,3.0523195266723633
172800,31,1.0,7.193950182227127e-07,7.913875776921486e-09,1.1460273526608944e-05,1.1452361832198221e-05,7.913875776921486e-09,0.0,0.0,1.0,1.0,600,3.021162509918213
192000,0,1.0,0.0027021842543035746,7.913876665099906e-09,0.005905413534492254,0.005905403755605221,7.913876665099906e-09,0.0,0.0,1.0,1.0,600,2.3770077228546143
192000,1,1.0,0.008452372625470161,9.296090865973383e-05,0.016705375164747238,0.016612417995929718,9.296090865973383e-05,0.0,0.0,1.0,1.0,600,2.9461069107055664
192000,2,1.0,0.000368624459952116,8.21155676788976e-09,0.00047847582027316093,0.0004784675547853112,8.21155676788976e-09,0.0,0.0,1.0,1.0,600,2.5396182537078857
192000,3,1.0,0.01923566311597824,7.913876665099906e-09,0.022120410576462746,0.022120408713817596,7.913876665099906e-09,0.0,0.0,1.0,1.0,600,3.548581123352051
192000,4,1.0,0.011131023056805134,7.914207955650454e-09,0.03424345329403877,0.03424346446990967,7.914207955650454e-09,0.0,0.0,1.0,1.0,600,3.5184178352355957
192000,5,1.0,0.00020310963736847043,7.913875776921486e-09,0.0003150719858240336,0.0003150641859974712,7.913875776921486e-09,0.0,0.0,1.0,1.0,600,2.8824212551116943
192000,6,1.0,0.019974015653133392,-1.3076140579939936e-14,0.024584658443927765,0.024584662169218063,0.0,0.0,0.0,1.0,1.0,600,3.339467763900757
192000,7,1.0,0.030167492106556892,7.913875776921486e-09,0.030259765684604645,0.030259765684604645,7.913875776921486e-09,0.0,0.0,1.0,1.0,600,3.2203316688537598
192000,8,1.0,0.003086733864620328,9.233145448206415e-08,0.0032316665165126324,0.003231573151424527,9.233145448206415e-08,0.0,0.0,1.0,1.0,600,1.9558169841766357
192000,9,1.0,0.0050613414496183395,3.971988917328417e-06,0.008713551796972752,0.008709579706192017,3.971988917328417e-06,0.0,0.0,1.0,1.0,600,2.1308741569519043
192000,10,1.0,0.06699518114328384,7.913876665099906e-09,0.06700363755226135,0.06700364500284195,7.913876665099906e-09,0.0,1.0,1.0,1.0,600,3.7306020259857178
192000,11,1.0,7.511686362704495e-06,7.887329900313489e-09,2.2482963686343282e-05,2.2475082005257718e-05,7.887329900313489e-09,0.0,0.0,1.0,1.0,600,2.4271321296691895
192000,12,1.0,0.028337344527244568,8.391149108888385e-09,0.05108248442411423,0.051082465797662735,8.391149108888385e-09,0.0,1.0,1.0,1.0,600,4.541799068450928
192000,13,1.0,0.019754191860556602,7.913876665099906e-09,0.019949527457356453,0.019949523732066154,7.913876665099906e-09,0.0,0.0,1.0,1.0,600,2.618429660797119
192000,14,1.0,6.7272749220137484e-06,7.913867783315709e-09,1.3893151844968088e-05,1.388523742207326e-05,7.913867783315709e-09,0.0,0.0,1.0,1.0,600,1.798578143119812
192000,15,1.0,0.0008543849107809365,7.913770083689542e-09,0.0009009048226289451,0.0009008969063870609,7.913770083689542e-09,0.0,0.0,1.0,1.0,600,2.5466115474700928
192000,16,1.0,0.0060417624190449715,7.913876665099906e-09,0.006439221557229757,0.006439214572310448,7.913876665099906e-09,0.0,0.0,1.0,1.0,600,3.477195978164673
192000,17,1.0,0.01912221685051918,7.913870447850968e-09,0.02350257895886898,0.023502573370933533,7.913870447850968e-09,0.0,0.0,1.0,1.0,600,1.7828420400619507
192000,18,1.0,0.005162839777767658,7.913876665099906e-09,0.007537082303315401,0.007537074387073517,7.913876665099906e-09,0.0,0.0,1.0,1.0,600,2.2805707454681396
192000,19,1.0,0.006589456927031279,7.913875776921486e-09,0.008568840101361275,0.00856884103268385,7.913875776921486e-09,0.0,0.0,1.0,1.0,600,3.310878038406372
192000,20,1.0,8.176983101293445e-06,2.0826173852128704e-07,2.812702950905077e-05,2.7918767955270596e-05,2.0826173852128704e-07,0.0,0.0,1.0,1.0,600,2.211266279220581
192000,21,1.0,0.021524984389543533,7.913889987776201e-09,0.038590651005506516,0.03859064355492592,7.913889987776201e-09,0.0,0.0,1.0,1.0,600,2.6581451892852783
192000,22,1.0,0.0017474208725616336,2.9999896469234955e-06,0.0032978085801005363,0.0032948087900877,2.9999896469234955e-06,0.0,0.0,1.0,1.0,600,2.4728469848632812
192000,23,1.0,0.0009088792139664292,7.337122021056075e-09,0.0018042197916656733,0.0018042126903310418,7.337122021056075e-09,0.0,0.0,1.0,1.0,600,3.8392670154571533
192000,24,1.0,0.0012879129499197006,7.913876665099906e-09,0.002563783433288336,0.0025637750513851643,7.913876665099906e-09,0.0,0.0,1.0,1.0,600,2.772273540496826
192000,25,1.0,0.0009243754320777953,7.913875776921486e-09,0.0016611721366643906,0.0016611646860837936,7.913875776921486e-09,0.0,0.0,1.0,1.0,600,3.260422706604004
192000,26,1.0,0.009915127418935299,7.913877553278326e-09,0.01476901676505804,0.014769010245800018,7.913877553278326e-09,0.0,0.0,1.0,1.0,600,3.5390138626098633
192000,27,1.0,0.002133198082447052,7.919065403427794e-09,0.0031483471393585205,0.003148340154439211,7.919065403427794e-09,0.0,0.0,1.0,1.0,600,2.654496192932129
192000,28,1.0,0.019954077899456024,7.913875776921486e-09,0.024604830890893936,0.024604836478829384,7.913875776921486e-09,0.0,0.0,1.0,1.0,600,3.015958309173584
192000,29,1.0,0.009741667658090591,7.913877553278326e-09,0.010182936675846577,0.010182930156588554,7.913877553278326e-09,0.0,0.0,1.0,1.0,600,2.750091314315796
192000,30,1.0,0.0014117512619122863,7.913876665099906e-09,0.001984391827136278,0.001984384609386325,7.913876665099906e-09,0.0,0.0,1.0,1.0,600,3.4502146244049072
192000,31,1.0,0.008847834542393684,7.913876665099906e-09,0.01072670053690672,0.010726697742938995,7.913876665099906e-09,0.0,0.0,1.0,1.0,600,2.870701789855957
211200,0,1.0,0.003574255621060729,7.913875776921486e-09,0.006476045120507479,0.006476037669926882,7.913875776921486e-09,0.0,0.0,1.0,1.0,600,2.5579416751861572
211200,1,1.0,0.001203604624606669,7.913876665099906e-09,0.0020141415297985077,0.0020141340792179108,7.913876665099906e-09,0.0,0.0,1.0,1.0,600,2.3651435375213623
211200,2,1.0,0.0011287363013252616,7.913874888743067e-09,0.001249389722943306,0.001249381573870778,7.913874888743067e-09,0.0,0.0,1.0,1.0,600,3.13812518119812
211200,3,1.0,0.005033054854720831,7.913875776921486e-09,0.0062585738487541676,0.006258567329496145,7.913875776921486e-09,0.0,0.0,1.0,1.0,600,3.448383331298828
211200,4,1.0,0.009827635250985622,7.913876665099906e-09,0.011738959699869156,0.011738958768546581,7.913876665099906e-09,0.0,0.0,1.0,1.0,600,3.357914686203003
211200,5,1.0,0.0011404665419831872,7.913876665099906e-09,0.0022021664772182703,0.002202159259468317,7.913876665099906e-09,0.0,0.0,1.0,1.0,600,3.148258924484253
211200,6,1.0,0.08183171600103378,7.913876665099906e-09,0.08187094330787659,0.08187096565961838,7.913876665099906e-09,0.0,1.0,1.0,1.0,600,4.163415908813477
211200,7,1.0,0.023854225873947144,7.913876665099906e-09,0.028207365423440933,0.02820737287402153,7.913876665099906e-09,0.0,0.0,1.0,1.0,600,3.595386028289795
211200,8,1.0,0.024532467126846313,7.913875776921486e-09,0.031884584575891495,0.03188458830118179,7.913875776921486e-09,0.0,0.0,1.0,1.0,600,3.2228355407714844
211200,9,1.0,0.21507665514945984,3.134917436753426e-09,0.21658915281295776,0.21658918261528015,3.134917436753426e-09,0.0,1.0,1.0,1.0,600,7.39914083480835
211200,10,1.0,0.04509805142879486,7.913875776921486e-09,0.048229873180389404,0.0482298769056797,7.913875776921486e-09,0.0,0.0,1.0,1.0,600,3.296651601791382
211200,11,1.0,0.14353735744953156,7.913867783315709e-09,0.2164846807718277,0.21648459136486053,7.913867783315709e-09,0.0,1.0,1.0,1.0,600,5.851944923400879
211200,12,1.0,0.007076798472553492,7.91386600695887e-09,0.01494063064455986,0.014940634369850159,7.91386600695887e-09,0.0,0.0,1.0,1.0,600,3.473203420639038
211200,13,1.0,0.0005479682586155832,7.913874000564647e-09,0.000797708984464407,0.00079770089359954,7.913874000564647e-09,0.0,0.0,1.0,1.0,600,2.823312997817993
211200,14,1.0,0.005032909102737904,7.913876665099906e-09,0.00820471066981554,0.00820471066981554,7.913876665099906e-09,0.0,0.0,1.0,1.0,600,2.9611470699310303
211200,15,1.0,0.02124524675309658,7.913876665099906e-09,0.021465299651026726,0.021465297788381577,7.913876665099906e-09,0.0,0.0,1.0,1.0,600,2.485769271850586
211200,16,1.0,0.010141178034245968,7.913876665099906e-09,0.014825712889432907,0.014825713820755482,7.913876665099906e-09,0.0,0.0,1.0,1.0,600,3.151301622390747
211200,17,1.0,0.2228255569934845,7.913875776921486e-09,0.4414619207382202,0.4414619505405426,7.913875776921486e-09,0.0,1.0,1.0,1.0,600,10.208970069885254
211200,18,1.0,0.04174976795911789,7.913875776921486e-09,0.04254256188869476,0.042542558163404465,7.913875776921486e-09,0.0,0.0,1.0,1.0,600,4.21046781539917
211200,19,1.0,0.0072937412187457085,7.913875776921486e-09,0.007672807201743126,0.007672799285501242,7.913875776921486e-09,0.0,0.0,1.0,1.0,600,2.173365354537964
211200,20,1.0,0.0006219359347596765,7.913875776921486e-09,0.0012066264171153307,0.0012066186172887683,7.913875776921486e-09,0.0,0.0,1.0,1.0,600,2.688889265060425
211200,21,1.0,0.0041952175088226795,7.913875776921486e-09,0.010042181238532066,0.010042179375886917,7.913875776921486e-09,0.0,0.0,1.0,1.0,600,3.239440679550171
211200,22,1.0,0.011757992208003998,7.913875776921486e-09,0.01710924506187439,0.017109252512454987,7.913875776921486e-09,0.0,0.0,1.0,1.0,600,3.1304080486297607
211200,23,1.0,0.01378294825553894,7.913875776921486e-09,0.029847709462046623,0.02984772063791752,7.913875776921486e-09,0.0,0.0,1.0,1.0,600,3.2060585021972656
211200,24,1.0,0.0003284360282123089,7.913876665099906e-09,0.0004947769921272993,0.0004947692505083978,7.913876665099906e-09,0.0,0.0,1.0,1.0,600,1.7985329627990723
211200,25,1.0,0.0004221360431984067,7.91386511878045e-09,0.0005602309829555452,0.000560223706997931,7.91386511878045e-09,0.0,0.0,1.0,1.0,600,1.751038670539856
211200,26,1.0,0.11686833947896957,7.913875776921486e-09,0.12496204674243927,0.12496200948953629,7.913875776921486e-09,0.0,1.0,1.0,1.0,600,5.08147668838501
211200,27,1.0,0.0005985894822515547,7.913870447850968e-09,0.0008198493160307407,0.0008198413997888565,7.913870447850968e-09,0.0,0.0,1.0,1.0,600,2.6261754035949707
211200,28,1.0,0.0017131214262917638,7.913875776921486e-09,0.0019483176292851567,0.0019483099458739161,7.913875776921486e-09,0.0,0.0,1.0,1.0,600,3.0595200061798096
211200,29,1.0,0.22380591928958893,7.913871336029388e-09,0.2309798151254654,0.23097984492778778,7.913871336029388e-09,0.0,1.0,1.0,1.0,600,7.834356784820557
211200,30,1.0,0.042309489101171494,7.913876665099906e-09,0.04302418977022171,0.04302419349551201,7.913876665099906e-09,0.0,0.0,1.0,1.0,600,3.1099371910095215
211200,31,1.0,0.00598175311461091,7.913872224207807e-09,0.0069073885679244995,0.006907379720360041,7.913872224207807e-09,0.0,0.0,1.0,1.0,600,2.546729564666748
230400,0,1.0,0.0005914369830861688,7.913876665099906e-09,0.0010686552850529552,0.001068647368811071,7.913876665099906e-09,0.0,0.0,1.0,1.0,600,2.99324369430542
230400,1,1.0,6.317480438156053e-05,7.913876665099906e-09,7.426684169331565e-05,7.425888907164335e-05,7.913876665099906e-09,0.0,0.0,1.0,1.0,600,2.0831425189971924
230400,2,1.0,0.009588983841240406,7.909329191591041e-09,0.010706468485295773,0.010706465691328049,7.909329191591041e-09,0.0,0.0,1.0,1.0,600,2.9470598697662354
230400,3,1.0,0.0030262114014476538,7.913876665099906e-09,0.004660855513066053,0.0046608466655015945,7.913876665099906e-09,0.0,0.0,1.0,1.0,600,3.606050491333008
230400,4,1.0,0.00015975786664057523,7.913876665099906e-09,0.000771034974604845,0.0007710272329859436,7.913876665099906e-09,0.0,0.0,1.0,1.0,600,4.047733306884766
230400,5,1.0,4.180968608125113e-05,7.913869559672548e-09,5.8028574130730703e-05,5.802065061288886e-05,7.913869559672548e-09,0.0,0.0,1.0,1.0,600,2.9838223457336426
230400,6,1.0,5.60981388844084e-05,7.913876665099906e-09,0.00010798116272781044,0.00010797321738209575,7.913876665099906e-09,0.0,0.0,1.0,1.0,600,2.4694550037384033
230400,7,1.0,0.07739420235157013,0.000302813365124166,0.1527065932750702,0.1524038165807724,0.000302813365124166,0.0,1.0,1.0,1.0,600,5.595595359802246
230400,8,1.0,0.00019031947886105627,7.913875776921486e-09,0.00023146343301050365,0.00023145548766478896,7.913875776921486e-09,0.0,0.0,1.0,1.0,600,2.4308700561523438
230400,9,1.0,0.00033633827115409076,5.772182287699934e-09,0.000591485935728997,0.0005914801731705666,5.772182287699934e-09,0.0,0.0,1.0,1.0,600,4.070925235748291
230400,10,1.0,0.0021182778291404247,7.913838473427859e-09,0.0029060617089271545,0.002906056120991707,7.913838473427859e-09,0.0,0.0,1.0,1.0,600,2.6787221431732178
230400,11,1.0,0.0048093171790242195,7.913875776921486e-09,0.007622662000358105,0.0076226540841162205,7.913875776921486e-09,0.0,0.0,1.0,1.0,600,2.995229482650757
230400,12,1.0,1.6681226043147035e-05,7.913875776921486e-09,6.966410728637129e-05,6.965614738874137e-05,7.913875776921486e-09,0.0,0.0,1.0,1.0,600,2.6838786602020264
230400,13,1.0,0.03299572691321373,0.0004301781009417027,0.050471145659685135,0.05004098638892174,0.0004301781009417027,0.0,1.0,1.0,1.0,600,2.7792341709136963
230400,14,1.0,0.0017584423767402768,7.913874888743067e-09,0.002339359140023589,0.002339351922273636,7.913874888743067e-09,0.0,0.0,1.0,1.0,600,3.8410472869873047
230400,15,1.0,0.0021625233348459005,6.8157612986397e-05,0.0021706982515752316,0.0021025403402745724,6.8157612986397e-05,0.0,0.0,1.0,1.0,600,2.6639766693115234
230400,16,1.0,0.00030452365172095597,7.913875776921486e-09,0.0004557256761472672,0.00045571784721687436,7.913875776921486e-09,0.0,0.0,1.0,1.0,600,3.358543872833252
230400,17,1.0,0.05553264170885086,7.913875776921486e-09,0.05564987286925316,0.05564986541867256,7.913875776921486e-09,0.0,1.0,1.0,1.0,600,4.393180847167969
230400,18,1.0,0.009176523424685001,7.913877553278326e-09,0.010421819984912872,0.010421814396977425,7.913877553278326e-09,0.0,0.0,1.0,1.0,600,2.26601505279541
230400,19,1.0,0.00604050001129508,0.005920026917010546,0.006080964580178261,0.00016093760496005416,0.005920026917010546,0.0,0.0,1.0,1.0,600,2.3841333389282227
230400,20,1.0,0.0038728974759578705,7.913876665099906e-09,0.008189388550817966,0.008189394138753414,7.913876665099906e-09,0.0,0.0,1.0,1.0,600,2.2194058895111084
230400,21,1.0,0.001833464135415852,7.913876665099906e-09,0.0025552785955369473,0.0025552711449563503,7.913876665099906e-09,0.0,0.0,1.0,1.0,600,3.4647133350372314
230400,22,1.0,0.3012159764766693,7.913875776921486e-09,0.36485955119132996,0.3648594617843628,7.913875776921486e-09,0.0,1.0,1.0,1.0,600,9.820329666137695
230400,23,1.0,0.023961728438735008,7.925572198530517e-09,0.029612937942147255,0.029612947255373,7.925572198530517e-09,0.0,0.0,1.0,1.0,600,2.2564966678619385
230400,24,1.0,7.230439678096445e-06,7.913875776921486e-09,1.6672232959535904e-05,1.6664318536641076e-05,7.913875776921486e-09,0.0,0.0,1.0,1.0,600,3.0646510124206543
230400,25,1.0,2.55800728155009e-06,7.913875776921486e-09,9.44673865888035e-06,9.438821507501416e-06,7.913875776921486e-09,0.0,0.0,1.0,1.0,600,2.66436505317688
230400,26,1.0,0.004013608209788799,7.926177048034333e-09,0.00910132471472025,0.009101323783397675,7.926177048034333e-09,0.0,0.0,1.0,1.0,600,4.120063304901123
230400,27,1.0,0.0004896348691545427,7.913875776921486e-09,0.000521957641467452,0.0005219499580562115,7.913875776921486e-09,0.0,0.0,1.0,1.0,600,3.4907779693603516
230400,28,1.0,0.0006340314284898341,7.913875776921486e-09,0.0013909756671637297,0.00139096868224442,7.913875776921486e-09,0.0,0.0,1.0,1.0,600,3.5668187141418457
230400,29,1.0,9.851762297330424e-05,7.913875776921486e-09,0.00011469769378891215,0.0001146897702710703,7.913875776921486e-09,0.0,0.0,1.0,1.0,600,3.5865066051483154
230400,30,1.0,0.00037581572541967034,7.913876665099906e-09,0.0009952840628102422,0.0009952762629836798,7.913876665099906e-09,0.0,0.0,1.0,1.0,600,3.0891475677490234
230400,31,1.0,0.0986529067158699,1.1624721185654607e-09,0.18873390555381775,0.18873390555381775,1.1624721185654607e-09,0.0,1.0,1.0,1.0,600,6.850582122802734
249600,0,1.0,0.017557552084326744,7.943389945808121e-09,0.02126963622868061,0.021269626915454865,7.943389945808121e-09,0.0,0.0,1.0,1.0,600,4.146714210510254
249600,1,1.0,0.004721949342638254,3.9453795785959755e-09,0.004771239124238491,0.004771233070641756,3.9453795785959755e-09,0.0,0.0,1.0,1.0,600,2.7333576679229736
249600,2,1.0,0.016830136999487877,5.65940805330456e-09,0.017437485978007317,0.017437487840652466,5.65940805330456e-09,0.0,0.0,1.0,1.0,600,3.7645909786224365
249600,3,1.0,0.08056230843067169,4.5817261096203765e-09,0.11203395575284958,0.11203400790691376,4.5817261096203765e-09,0.0,1.0,1.0,1.0,600,4.855734825134277
249600,4,1.0,0.008392021991312504,7.914716881884942e-09,0.008835970424115658,0.008835982531309128,7.914716881884942e-09,0.0,0.0,1.0,1.0,600,2.9380087852478027
249600,5,1.0,0.08863276243209839,7.913762090083765e-09,0.08940021693706512,0.08940023928880692,7.913762090083765e-09,0.0,1.0,1.0,1.0,600,4.16592264175415
249600,6,1.0,0.003235486103221774,5.428084648428921e-09,0.004030377604067326,0.004030369687825441,5.428084648428921e-09,0.0,0.0,1.0,1.0,600,2.9358270168304443
249600,7,1.0,0.029368633404374123,7.913756761013246e-09,0.037197258323431015,0.037197262048721313,7.913756761013246e-09,0.0,0.0,1.0,1.0,600,3.71396803855896
249600,8,1.0,0.000443092780187726,3.229807407478802e-05,0.0004833130515180528,0.0004510149883572012,3.229807407478802e-05,0.0,0.0,1.0,1.0,600,2.5891926288604736
249600,9,1.0,0.004683202598243952,7.942974278307702e-09,0.010827145539224148,0.010827156715095043,7.942974278307702e-09,0.0,0.0,1.0,1.0,600,2.764939785003662
249600,10,1.0,0.0014134685043245554,7.913875776921486e-09,0.001429944415576756,0.00142993638291955,7.913875776921486e-09,0.0,0.0,1.0,1.0,600,2.8665530681610107
249600,11,1.0,0.017257681116461754,0.0010540538933128119,0.024906478822231293,0.023852424696087837,0.0010540538933128119,0.0,0.0,1.0,1.0,600,2.877781629562378
249600,12,1.0,0.028508825227618217,1.0821727958187921e-09,0.03644838556647301,0.0364484079182148,1.0821727958187921e-09,0.0,0.0,1.0,1.0,600,4.0973358154296875
249600,13,1.0,0.0010558555368334055,7.914715105528103e-09,0.0010742361191660166,0.0010742283193394542,7.914715105528103e-09,0.0,0.0,1.0,1.0,600,3.377878427505493
249600,14,1.0,0.0018195022130385041,7.913875776921486e-09,0.0025669834576547146,0.0025669774040579796,7.913875776921486e-09,0.0,0.0,1.0,1.0,600,3.2068188190460205
249600,15,1.0,0.0003379206464160234,1.4429174521879418e-09,0.00040996677125804126,0.00040996528696268797,1.4429174521879418e-09,0.0,0.0,1.0,1.0,600,2.5815818309783936
249600,16,1.0,0.055474765598773956,7.913786070901097e-09,0.06152684986591339,0.061526861041784286,7.913786070901097e-09,0.0,1.0,1.0,1.0,600,4.290014743804932
249600,17,1.0,0.008493493311107159,7.93110199737157e-09,0.018349602818489075,0.01834961026906967,7.93110199737157e-09,0.0,0.0,1.0,1.0,600,4.655272483825684
249600,18,1.0,5.191397212911397e-05,7.913876665099906e-09,6.220175419002771e-05,6.219380884431303e-05,7.913876665099906e-09,0.0,0.0,1.0,1.0,600,2.7686233520507812
249600,19,1.0,0.00024344548000954092,7.916966637822043e-09,0.00030019856058061123,0.00030019073165021837,7.916966637822043e-09,0.0,0.0,1.0,1.0,600,3.747776746749878
249600,20,1.0,4.858015472564148e-06,7.913876665099906e-09,1.2449319910956547e-05,1.2441410035535228e-05,7.913876665099906e-09,0.0,0.0,1.0,1.0,600,2.2086875438690186
249600,21,1.0,0.0037198744248598814,7.913850019747315e-09,0.004639680963009596,0.004639673046767712,7.913850019747315e-09,0.0,0.0,1.0,1.0,600,3.323925495147705
249600,22,1.0,0.001439998159185052,1.438533403508302e-09,0.0039902860298752785,0.003990284167230129,1.438533403508302e-09,0.0,0.0,1.0,1.0,600,3.4310336112976074
249600,23,1.0,0.2482285052537918,4.581394819069828e-09,0.25215861201286316,0.25215867161750793,4.581394819069828e-09,0.0,1.0,1.0,1.0,600,8.936330795288086
249600,24,1.0,0.0004748829232994467,3.6064013997361144e-09,0.0010447425302118063,0.0010447388049215078,3.6064013997361144e-09,0.0,0.0,1.0,1.0,600,2.301643133163452
249600,25,1.0,0.0022706775926053524,7.777407162734562e-09,0.002922317013144493,0.002922310261055827,7.777407162734562e-09,0.0,0.0,1.0,1.0,600,2.861680030822754
249600,26,1.0,0.016172219067811966,7.912527522080381e-09,0.019414028152823448,0.019414035603404045,7.912527522080381e-09,0.0,0.0,1.0,1.0,600,2.5854837894439697
249600,27,1.0,0.0026866106782108545,0.0026866106782108545,0.003871181746944785,0.001184570835903287,0.0026866106782108545,0.0,0.0,1.0,1.0,600,2.830962657928467
249600,28,1.0,0.010256018489599228,7.917126509937589e-09,0.01336153969168663,0.013361536897718906,7.917126509937589e-09,0.0,0.0,1.0,1.0,600,3.980863571166992
249600,29,1.0,0.1478065699338913,7.913871336029388e-09,0.17411109805107117,0.17411111295223236,7.913871336029388e-09,0.0,1.0,1.0,1.0,600,6.9394330978393555
249600,30,1.0,3.6666576761490433e-06,7.913876665099906e-09,1.0798728908412158e-05,1.0790817214001436e-05,7.913876665099906e-09,0.0,0.0,1.0,1.0,600,2.1115546226501465
249600,31,1.0,0.023876018822193146,7.217262787406753e-09,0.024942593649029732,0.02494259737432003,7.217262787406753e-09,0.0,0.0,1.0,1.0,600,3.9120359420776367
268800,0,1.0,0.022144680842757225,7.931349799150667e-09,0.0382484570145607,0.038248460739851,7.931349799150667e-09,0.0,0.0,1.0,1.0,600,4.455269813537598
268800,1,1.0,0.0022167933639138937,7.853005357105758e-09,0.0035987216979265213,0.0035987135488539934,7.853005357105758e-09,0.0,0.0,1.0,1.0,600,2.761911153793335
268800,2,1.0,0.01984701305627823,7.946438174144532e-09,0.0222458653151989,0.022245869040489197,7.946438174144532e-09,0.0,0.0,1.0,1.0,600,3.7976956367492676
268800,3,1.0,5.3836982260691e-05,8.380093063919958e-09,7.057678158162162e-05,7.056838512653485e-05,8.380093063919958e-09,0.0,0.0,1.0,1.0,600,2.8612780570983887
268800,4,1.0,5.741294444305822e-06,7.913876665099906e-09,1.4893586921971291e-05,1.4885674318065867e-05,7.913876665099906e-09,0.0,0.0,1.0,1.0,600,3.0118727684020996
268800,5,1.0,0.010496197268366814,7.914716881884942e-09,0.018429812043905258,0.018429817631840706,7.914716881884942e-09,0.0,0.0,1.0,1.0,600,4.031641006469727
268800,6,1.0,0.011212374083697796,0.011048095300793648,0.02294129878282547,0.011893203482031822,0.011048095300793648,0.0,0.0,1.0,1.0,600,3.249063014984131
268800,7,1.0,0.013490898534655571,7.90838328157406e-09,0.01742779091000557,0.017427781596779823,7.90838328157406e-09,0.0,0.0,0.0,1.0,600,4.82308292388916
268800,8,1.0,0.0031043861526995897,7.944131574788571e-09,0.0035697652492672205,0.003569758264347911,7.944131574788571e-09,0.0,0.0,1.0,1.0,600,3.051814079284668
268800,9,1.0,0.0024291451554745436,7.904945142911401e-09,0.004006166476756334,0.004006157163530588,7.904945142911401e-09,0.0,0.0,1.0,1.0,600,2.691615581512451
268800,10,1.0,0.0006687361164949834,7.884743524755322e-09,0.0009301606914959848,0.0009301532409153879,7.884743524755322e-09,0.0,0.0,1.0,1.0,600,2.1967215538024902
268800,11,1.0,0.00016035590670071542,2.4924222088884562e-05,0.0006754437927156687,0.0006505195633508265,2.4924222088884562e-05,0.0,0.0,1.0,1.0,600,3.641569137573242
268800,12,1.0,0.0013785080518573523,7.913875776921486e-09,0.002106832340359688,0.002106825355440378,7.913875776921486e-09,0.0,0.0,1.0,1.0,600,2.24538254737854
268800,13,1.0,0.003652711398899555,0.000154713008669205,0.005771768279373646,0.005617055576294661,0.000154713008669205,0.0,0.0,1.0,1.0,600,3.0497171878814697
268800,14,1.0,0.015398088842630386,7.913868671494129e-09,0.015841703861951828,0.015841688960790634,7.913868671494129e-09,0.0,0.0,1.0,1.0,600,3.3834242820739746
268800,15,1.0,3.3687792893033475e-05,7.913876665099906e-09,4.3207324779359624e-05,4.319937215768732e-05,7.913876665099906e-09,0.0,0.0,1.0,1.0,600,2.6017069816589355
268800,16,1.0,0.0009258630452677608,7.913991240116047e-09,0.001102376845665276,0.0011023692786693573,7.913991240116047e-09,0.0,0.0,1.0,1.0,600,2.904078960418701
268800,17,1.0,0.0005534645169973373,7.914207955650454e-09,0.00115195382386446,0.001151946489699185,7.914207955650454e-09,0.0,0.0,1.0,1.0,600,2.893383502960205
268800,18,1.0,0.012855546548962593,7.913876665099906e-09,0.01289953850209713,0.01289953850209713,7.913876665099906e-09,0.0,0.0,1.0,1.0,600,2.658395290374756
268800,19,1.0,0.007214812096208334,-3.382345792335428e-11,0.007228862959891558,0.007228863891214132,0.0,0.0,0.0,1.0,1.0,600,3.089047908782959
268800,20,1.0,0.014638845808804035,7.913847355212056e-09,0.022187523543834686,0.02218751050531864,7.913847355212056e-09,0.0,0.0,1.0,1.0,600,3.5277605056762695
268800,21,1.0,0.00298672285862267,7.913875776921486e-09,0.004863044247031212,0.004863036330789328,7.913875776921486e-09,0.0,0.0,1.0,1.0,600,2.7319400310516357
268800,22,1.0,0.01271425373852253,7.913818933502625e-09,0.015865949913859367,0.015865948051214218,7.913818933502625e-09,0.0,0.0,1.0,1.0,600,4.294901371002197
268800,23,1.0,0.0011755195446312428,2.894207096204582e-09,0.0012897057458758354,0.0012897028354927897,2.894207096204582e-09,0.0,0.0,1.0,1.0,600,2.6375744342803955
268800,24,1.0,0.0034665341954678297,7.913760313726925e-09,0.004601225722581148,0.004601219668984413,7.913760313726925e-09,0.0,0.0,1.0,1.0,600,3.9964542388916016
268800,25,1.0,0.04275774955749512,7.913871336029388e-09,0.048811815679073334,0.048811815679073334,7.913871336029388e-09,0.0,0.0,1.0,1.0,600,4.164505481719971
268800,26,1.0,0.00041853717993944883,3.6060303632012847e-09,0.000944962608627975,0.0009449589415453374,3.6060303632012847e-09,0.0,0.0,1.0,1.0,600,1.6924970149993896
268800,27,1.0,0.0003818080003838986,7.914561450661495e-09,0.0004594196507241577,0.000459411705378443,7.914561450661495e-09,0.0,0.0,1.0,1.0,600,2.1262500286102295
268800,28,1.0,0.0055289436131715775,7.913875776921486e-09,0.0055489931255578995,0.005548984277993441,7.913875776921486e-09,0.0,0.0,1.0,1.0,600,1.7080556154251099
268800,29,1.0,0.0036091196816414595,7.913875776921486e-09,0.003665939439088106,0.0036659324541687965,7.913875776921486e-09,0.0,0.0,1.0,1.0,600,2.889755964279175
268800,30,1.0,0.0003334872017148882,7.913874000564647e-09,0.000380584504455328,0.0003805765009019524,7.913874000564647e-09,0.0,0.0,1.0,1.0,600,3.5070137977600098
268800,31,1.0,0.007769497577100992,0.002252813894301653,0.01743098720908165,0.015178182162344456,0.002252813894301653,0.0,0.0,1.0,1.0,600,3.188852548599243
288000,0,1.0,0.001790519105270505,-4.158600130921286e-09,0.005201381165534258,0.005201385356485844,0.0,0.0,0.0,1.0,1.0,600,2.4400131702423096
288000,1,1.0,0.006443848367780447,0.006443848367780447,0.010946918278932571,0.004503068048506975,0.006443848367780447,0.0,0.0,1.0,1.0,600,2.697909116744995
288000,2,1.0,0.0027766539715230465,7.913869559672548e-09,0.003206274239346385,0.0032062684185802937,7.913869559672548e-09,0.0,0.0,1.0,1.0,600,3.1846508979797363
288000,3,1.0,0.0004648989124689251,2.340005084988661e-05,0.000680144177749753,0.00065674411598593,2.340005084988661e-05,0.0,0.0,1.0,1.0,600,3.166001558303833
288000,4,1.0,0.00513975415378809,7.91386245424519e-09,0.008122380822896957,0.008122374303638935,7.91386245424519e-09,0.0,0.0,1.0,1.0,600,2.700279712677002
288000,5,1.0,0.046132661402225494,4.2706718161866775e-09,0.05938710644841194,0.05938711389899254,4.2706718161866775e-09,0.0,1.0,1.0,1.0,600,3.943298101425171
288000,6,1.0,4.0327173337573186e-05,7.913876665099906e-09,5.236756260273978e-05,5.235960634308867e-05,7.913876665099906e-09,0.0,0.0,1.0,1.0,600,2.9969494342803955
288000,7,1.0,0.014396095648407936,0.0012128809466958046,0.02087126113474369,0.019658375531435013,0.0012128809466958046,0.0,0.0,1.0,1.0,600,3.317060708999634
288000,8,1.0,5.559002602240071e-05,7.933109280600092e-09,6.975077121751383e-05,6.974284042371437e-05,7.933109280600092e-09,0.0,0.0,1.0,1.0,600,2.6351044178009033
288000,9,1.0,1.3699692317459267e-05,7.913876665099906e-09,2.951722672150936e-05,2.9509312298614532e-05,7.913876665099906e-09,0.0,0.0,1.0,1.0,600,2.8313276767730713
288000,10,1.0,0.007377406116575003,7.831753912057593e-09,0.007948537357151508,0.007948539219796658,7.831753912057593e-09,0.0,0.0,1.0,1.0,600,3.1246867179870605
288000,11,1.0,0.04582538083195686,7.924960243599344e-09,0.05045004561543465,0.05045006051659584,7.924960243599344e-09,0.0,1.0,1.0,1.0,600,3.4675378799438477
288000,12,1.0,0.0003699106746353209,7.913852684282574e-09,0.00038303047767840326,0.0003830223868135363,7.913852684282574e-09,0.0,0.0,1.0,1.0,600,2.207806348800659
288000,13,1.0,3.779059397857054e-06,9.232550723936583e-09,1.1951849955949001e-05,1.19426158562419e-05,9.232550723936583e-09,0.0,0.0,1.0,1.0,600,2.2566418647766113
288000,14,1.0,0.0015642446232959628,7.913875776921486e-09,0.0019976382609456778,0.001997631276026368,7.913875776921486e-09,0.0,0.0,1.0,1.0,600,2.3127448558807373
288000,15,1.0,0.001685074414126575,7.913876665099906e-09,0.004383425693958998,0.004383421503007412,7.913876665099906e-09,0.0,0.0,1.0,1.0,600,3.4763834476470947
288000,16,1.0,0.007601733785122633,7.913875776921486e-09,0.007625430356711149,0.007625422440469265,7.913875776921486e-09,0.0,0.0,1.0,1.0,600,2.7279975414276123
288000,17,1.0,0.0005878494121134281,-7.373736066185188e-10,0.0011242972686886787,0.0011242986656725407,0.0,0.0,0.0,1.0,1.0,600,3.411736488342285
288000,18,1.0,0.0039340173825621605,0.0039340173825621605,0.005364883691072464,0.0014308660756796598,0.0039340173825621605,0.0,0.0,1.0,1.0,600,2.9134573936462402
288000,19,1.0,0.007787699345499277,7.913784294544257e-09,0.007803016342222691,0.007803008891642094,7.913784294544257e-09,0.0,0.0,1.0,1.0,600,2.586130380630493
288000,20,1.0,0.00036988852662034333,7.921226341522924e-09,0.0005969034391455352,0.0005968956393189728,7.921226341522924e-09,0.0,0.0,1.0,1.0,600,3.1125941276550293
288000,21,1.0,0.0008039525127969682,7.913875776921486e-09,0.0008648053626529872,0.0008647975046187639,7.913875776921486e-09,0.0,0.0,1.0,1.0,600,2.813356399536133
288000,22,1.0,0.0011914016213268042,7.913875776921486e-09,0.0012233757879585028,0.0012233679881319404,7.913875776921486e-09,0.0,0.0,1.0,1.0,600,2.769625186920166
288000,23,1.0,0.021038390696048737,7.43333750108377e-09,0.03628821671009064,0.03628823533654213,7.43333750108377e-09,0.0,0.0,1.0,1.0,600,4.045273780822754
288000,24,1.0,0.00017406162805855274,7.913873112386227e-09,0.0001846834202297032,0.0001846755330916494,7.913873112386227e-09,0.0,0.0,1.0,1.0,600,2.2487478256225586
288000,25,1.0,0.004816428758203983,7.913875776921486e-09,0.007269100286066532,0.007269095163792372,7.913875776921486e-09,0.0,0.0,1.0,1.0,600,3.1300323009490967
288000,26,1.0,0.04910685867071152,7.913762978262184e-09,0.07239426672458649,0.07239426672458649,7.913762978262184e-09,0.0,1.0,1.0,1.0,600,3.5087292194366455
288000,27,1.0,0.00122121162712574,7.913876665099906e-09,0.0012388216564431787,0.0012388137402012944,7.913876665099906e-09,0.0,0.0,1.0,1.0,600,3.2578370571136475
288000,28,1.0,0.28002336621284485,0.0005099414847791195,0.2861155867576599,0.28560560941696167,0.0005099414847791195,0.0,1.0,1.0,1.0,600,8.926628112792969
288000,29,1.0,0.002540558809414506,3.655924007972544e-09,0.002602478489279747,0.0026024740654975176,3.655924007972544e-09,0.0,0.0,1.0,1.0,600,2.4419946670532227
288000,30,1.0,1.6259538824670017e-05,7.913875776921486e-09,2.5244113203370944e-05,2.5236193323507905e-05,7.913875776921486e-09,0.0,0.0,1.0,1.0,600,2.8373937606811523
288000,31,1.0,0.013489189557731152,7.914214172899392e-09,0.027524443343281746,0.027524448931217194,7.914214172899392e-09,0.0,0.0,1.0,1.0,600,3.5891520977020264
