env_steps,max_angle,final_angle,cumulative_increase,regression_amount,progress,success,regression_event,stalled,lost_contact,episode_steps,return,episodes,eval_env_steps
0,0.01791922366805121,0.015704924580348154,0.01834421712894141,0.0026392929402021537,0.0156250077902204,0.015625,0.015625,0.984375,0.984375,594.953125,3.1314694844186306,64,38400
10016,0.02403026838695954,0.015704924580347987,0.024196916328463658,0.008491990349497769,0.015625007790220233,0.015625,0.03125,0.984375,0.984375,594.953125,3.3091700598597527,64,38400
20000,0.023872774888116677,0.015704924580348056,0.024038872429791525,0.008333946421537064,0.015625007790220302,0.015625,0.03125,0.984375,0.984375,594.953125,3.308596443384886,64,38400
30016,0.0005018165898773574,7.913875457732367e-09,0.0005199381953389093,0.0005199302969458586,7.913875457732367e-09,0.0,0.0,1.0,1.0,600.0,2.0266445595771074,64,38400
40000,0.0001476738491028584,7.913875652021396e-09,0.00017066715516023123,0.0001706592520065442,7.913875652021396e-09,0.0,0.0,1.0,1.0,600.0,2.0988102704286575,64,38400
50016,0.020355233640249493,7.913873861786769e-09,0.02057576600176958,0.020575755746719437,7.913873861786769e-09,0.0,0.046875,1.0,1.0,600.0,2.503303822129965,64,38400
60000,0.00021296347352713074,7.913875735288123e-09,0.000230689583588628,0.0002306817584383225,7.913875735288123e-09,0.0,0.0,1.0,1.0,600.0,2.022019637748599,64,38400
70016,0.08179873830334827,0.06291414728005851,0.08347513580110899,0.020560988215464704,0.06264079715187966,0.0625,0.03125,0.9375,0.9375,579.546875,4.606710044667125,64,38400
80000,0.15748571057608363,0.15670609583121803,0.15755650879670924,0.000850415553841799,0.1562500066773322,0.15625,0.0,0.84375,0.84375,549.328125,7.519532546401024,64,38400
90016,0.8433341665512915,0.7049148516009401,0.8441849445396059,0.1392701094658193,0.7031250023494314,0.703125,0.203125,0.296875,0.296875,360.046875,29.708854269236326,64,38400
100000,0.9874168555834331,0.987136339667302,0.9889092140074354,0.0017728655473518984,0.9843750017611798,0.984375,0.0,0.015625,0.015625,273.4375,37.76184697076678,64,27808
110016,0.9719522689410951,0.9713416844827529,0.9733899619604927,0.002048269788502921,0.9687500018847581,0.96875,0.0,0.03125,0.03125,278.71875,37.19080825150013,64,27840
120000,0.9873600281425752,0.9870795122264441,0.9888529341842514,0.0017734121443027107,0.9843750017611798,0.984375,0.0,0.015625,0.015625,273.4375,37.73421819135547,64,27808
130016,0.9720383622625377,0.9714277778041955,0.9734755076642614,0.002047723191552109,0.9687500018847581,0.96875,0.0,0.03125,0.03125,278.71875,37.21686960756779,64,27840
140000,0.956694401014829,0.9557768554600375,0.9581891892012209,0.0024123273915535037,0.953125001973142,0.953125,0.0,0.046875,0.046875,283.875,36.67416698485613,64,38400
150016,0.9566974483022932,0.9557799027475017,0.9581922383513302,0.0024123273915535037,0.953125001973142,0.953125,0.0,0.046875,0.046875,283.875,36.67354793101549,64,38400
160000,0.9872963647940196,0.9870158488778885,0.9887892708356958,0.0017734121443027107,0.9843750017611798,0.984375,0.0,0.015625,0.015625,273.4375,37.73381633684039,64,27808
170016,0.9873447954305448,0.9870642795144137,0.9888377014722209,0.0017734121443027107,0.9843750017611798,0.984375,0.0,0.015625,0.015625,273.4375,37.73655034229159,64,27808
180000,0.956593786511803,0.9556762409570115,0.9580891223158687,0.002412873988504316,0.953125001973142,0.953125,0.0,0.046875,0.046875,283.875,36.64684618264437,64,38400
190016,0.9566136627981905,0.955696117243399,0.9581089986022562,0.002412873988504316,0.953125001973142,0.953125,0.0,0.046875,0.046875,283.875,36.647556014359,64,38400
200000,0.9873387343832292,0.9870582184670981,0.9888316404249053,0.0017734121443027107,0.9843750017611798,0.984375,0.0,0.015625,0.015625,273.4375,37.73282374069095,64,27808
210016,0.9874308887519874,0.9871503728358563,0.9889232471759897,0.0017728655473518984,0.9843750017611798,0.984375,0.0,0.015625,0.015625,273.4375,37.76261169835925,64,27808
220000,0.9719801173487213,0.9713695328903791,0.9734178103681188,0.002048269788502921,0.9687500018847581,0.96875,0.0,0.03125,0.03125,278.71875,37.18855620920658,64,27840
230016,0.9719220847764518,0.9713115003181096,0.9733597759332042,0.002048269788502921,0.9687500018847581,0.96875,0.0,0.03125,0.03125,278.71875,37.190087750554085,64,27840
240000,0.9566719077120069,0.9557543621572154,0.9581666958983988,0.0024123273915535037,0.953125001973142,0.953125,0.0,0.046875,0.046875,283.875,36.6758694127202,64,38400
250016,0.9873071327456273,0.9870266168294962,0.9888000369246583,0.0017734121443027107,0.9843750017611798,0.984375,0.0,0.015625,0.015625,273.4375,37.73141862079501,64,27808
260000,0.9873817465850152,0.9871012306688841,0.9888741050090175,0.0017728655473518984,0.9843750017611798,0.984375,0.0,0.015625,0.015625,273.4375,37.76346928998828,64,27808
270016,0.9874168555834331,0.987136339667302,0.9889092140074354,0.0017728655473518984,0.9843750017611798,0.984375,0.0,0.015625,0.015625,273.4375,37.76184697076678,64,27808
280000,0.972008671698859,0.9713980872405168,0.9734463647182565,0.002048269788502921,0.9687500018847581,0.96875,0.0,0.03125,0.03125,278.71875,37.19058038294315,64,27840
290016,0.9874381493427791,0.987157633426648,0.9889305077667814,0.0017728655473518984,0.9843750017611798,0.984375,0.0,0.015625,0.015625,273.4375,37.7632414214313,64,27808
300000,0.9873897187062539,0.9871092027901228,0.9888820771302562,0.0017728655473518984,0.9843750017611798,0.984375,0.0,0.015625,0.015625,273.4375,37.7605074159801,64,27808
