variant,seed,env_steps,optimizer_steps,critic_loss,actor_loss,bc_loss,q_mean,q_variance,q_disagreement,policy_entropy,alpha,action_drift_mse,expert_action_mse,train_success_rate,train_episodes
L010,2,10016,1252,0.2605191116446641,-0.9232895685800205,0.10349739710249888,1.7113364934921265,0.5231685638427734,0.01467282883822918,1.7032347917556763,0.03415552154183388,0.10915472358465195,0.1147165596485138,nan,0
L010,2,20000,2500,0.08203586675368477,-2.126963139440005,0.09464001790202485,2.9860711097717285,2.5444302558898926,0.021232102066278458,-0.4921414852142334,0.02422448806464672,0.06526632606983185,0.0698482021689415,0.0,32
L010,2,30016,3752,0.05672255931005549,-2.950161412691537,0.05429752090701851,3.683112144470215,3.8105804920196533,0.024694282561540604,-2.400056838989258,0.017370328307151794,0.03774997219443321,0.04176938906311989,nan,0
L010,2,40000,5000,0.03134580295777713,-3.6341887349501634,0.035941279330589354,4.064052581787109,4.4214043617248535,0.0160078052431345,-4.41008186340332,0.012569944374263287,0.03418891876935959,0.037957120686769485,0.0,32
L010,2,50016,6252,0.043171406987632,-3.9890763222599945,0.046439816656049356,4.46967887878418,4.9818034172058105,0.009782722219824791,-7.846893310546875,0.009419656358659267,0.04919037967920303,0.05287904664874077,nan,0
L010,2,60000,7500,0.03071549976784109,-4.3467802458848706,0.04984360303467092,4.784334182739258,5.125194072723389,0.01969294622540474,-9.457432746887207,0.007299366407096386,0.03524009510874748,0.03850314021110535,0.0,32
L010,2,70016,8752,0.0349788455751549,-4.517548941956542,0.04312940317685136,5.07681131362915,5.339743137359619,0.01108698733150959,-10.34107780456543,0.005844337400048971,0.037794336676597595,0.041161224246025085,nan,0
L010,2,80000,10000,0.02786505951390166,-4.699130605046566,0.03921083172257894,5.397217273712158,5.368002891540527,0.011699289083480835,-11.766331672668457,0.00482618622481823,0.028302112594246864,0.03148110583424568,0.0,32
L010,2,90016,11252,0.02856358098380934,-4.814716916876479,0.037928429932092514,5.592027187347412,4.9924139976501465,0.013770156539976597,-12.713994979858398,0.004503451753407717,0.03785451874136925,0.04003830999135971,nan,0
L010,2,100000,12500,0.024558085892633058,-4.895643389377838,0.04259997923285342,5.823648452758789,4.595731258392334,0.013645920902490616,-12.532151222229004,0.00457434868440032,0.04398723691701889,0.045539483428001404,0.0,32
L010,2,110016,13752,0.02181971348753681,-4.930386291906094,0.04640453943488792,6.011424541473389,4.35149621963501,0.014557070098817348,-12.51905345916748,0.004701226018369198,0.038765132427215576,0.040897220373153687,nan,0
L010,2,120000,15000,0.018017675130417608,-4.951573288211455,0.04276770160336477,6.1499738693237305,4.07157039642334,0.017484847456216812,-13.142210006713867,0.004852450918406248,0.034294262528419495,0.03653411939740181,0.0,32
L010,2,130016,16252,0.01744283387547555,-4.941471233154638,0.04948702278716591,6.277991771697998,3.821674346923828,0.01348085980862379,-13.405954360961914,0.004944187588989735,0.04637964442372322,0.049241356551647186,nan,0
L010,2,140000,17500,0.015419867155754056,-4.935269709580984,0.052859670566156126,6.381608009338379,3.6800405979156494,0.014519313350319862,-13.77311897277832,0.005130517762154341,0.050428636372089386,0.05316219478845596,0.0,32
L010,2,150016,18752,0.013735487278678809,-4.925625314727759,0.054700823509678864,6.424160957336426,3.2842226028442383,0.023623881861567497,-14.09046745300293,0.005409914534538984,0.051787033677101135,0.05490909144282341,nan,0
L010,2,160000,20000,0.012840380645148123,-4.878891895596798,0.04748362044726188,6.4609375,3.211993455886841,0.0411289818584919,-13.843734741210938,0.005625611636787653,0.04204998165369034,0.04477419704198837,0.0,32
L010,2,170016,21252,0.01148762659578117,-4.836678495803199,0.042252735414813024,6.44931697845459,3.089238405227661,0.014916235581040382,-14.194759368896484,0.0053107901476323605,0.035044051706790924,0.03752056509256363,nan,0
L010,2,180000,22500,0.010332827636701927,-4.785051044745323,0.03662267041494115,6.466320514678955,3.053490161895752,0.02839568816125393,-14.750787734985352,0.005457872059196234,0.040147777646780014,0.042936358600854874,0.0,32
L010,2,190016,23752,0.010594000126020953,-4.751636329931192,0.04348752231221087,6.477272033691406,3.0134541988372803,0.02112034521996975,-14.32931137084961,0.005649237427860498,0.03564669191837311,0.03831218555569649,nan,0
L010,2,200000,25000,0.009283139394635024,-4.6844571981674585,0.03939916883022166,6.456952095031738,3.015889883041382,0.014469457790255547,-14.87452507019043,0.005343905184417963,0.04233194515109062,0.0450131818652153,0.0,32
L010,2,210016,26252,0.008479844468583266,-4.644845219465871,0.035645081619984996,6.47445011138916,3.059049129486084,0.017897771671414375,-14.809427261352539,0.00535310385748744,0.027005717158317566,0.029242493212223053,nan,0
L010,2,220000,27500,0.008731484940374056,-4.592429274931932,0.03114191574068406,6.435220718383789,3.0472805500030518,0.015467392280697823,-14.40544319152832,0.005329257808625698,0.02520793117582798,0.02691367268562317,0.0,32
L010,2,230016,28752,0.00781902205515147,-4.548109534830331,0.03134318670263877,6.457818031311035,3.1424856185913086,0.01733432710170746,-14.68282413482666,0.005227444227784872,0.027380766347050667,0.029054876416921616,nan,0
L010,2,240000,30000,0.009300154921873353,-4.524248161759132,0.03080133950182547,6.499588489532471,3.531064033508301,0.016471590846776962,-14.839631080627441,0.004822864197194576,0.028106436133384705,0.03063257597386837,0.0,32
L010,2,250016,31252,0.010173902053165788,-4.551293703313833,0.03838987726890765,6.590456962585449,3.709507703781128,0.030156342312693596,-13.99752426147461,0.004510640166699886,0.035622913390398026,0.03797199949622154,0.0,32
L010,2,260000,32500,0.011067756084323777,-4.601698709986149,0.039555503197241194,6.7319746017456055,3.857556104660034,0.019808143377304077,-13.976274490356445,0.0046486444771289825,0.04122953489422798,0.04373357445001602,nan,0
L010,2,270016,33752,0.011019824644195111,-4.614425294315472,0.04113760255366421,6.8411078453063965,4.046999931335449,0.03179549425840378,-13.492361068725586,0.004624693654477596,0.03823580965399742,0.040599923580884933,0.0,32
L010,2,280000,35000,0.011451339507915784,-4.678014220717626,0.042775598277027406,6.887859344482422,3.9324042797088623,0.02499900758266449,-13.821537971496582,0.005039186682552099,0.03834652900695801,0.04093201830983162,nan,0
L010,2,290016,36252,0.012286361877824338,-4.766907189981625,0.04211761444485702,7.003646373748779,4.03423547744751,0.017347853630781174,-14.12724781036377,0.004659872502088547,0.033553920686244965,0.03578098490834236,0.0,32
L010,2,300000,37500,0.010132381218658665,-4.870493372663473,0.0385001485940451,7.117911338806152,4.092654228210449,0.04321262985467911,-13.871604919433594,0.004259313456714153,0.033890459686517715,0.03578313812613487,nan,0
