arm,seed,auc,final,best,gap,raw_auc,raw_final,raw_gap,raw_degradation_points,protected_degradation_points,best_step,first_regression_step,online_train_episodes,online_train_successes,cumulative_eval_env_steps,rollback_count
E0,0,0.5489325,0.984375,1.0,0.015625,0.5489325,0.984375,0.015625,17,17,20000,30016,480,0,1078304,0
E0,1,0.2609375,0.0,1.0,1.0,0.2609375,0.0,1.0,17,17,220000,60000,480,0,1147648,0
E0,2,0.4684725,0.90625,0.96875,0.0625,0.4684725,0.90625,0.0625,18,18,160000,40000,480,0,1190400,0
E0,3,0.2677083333333333,0.0,1.0,1.0,0.2677083333333333,0.0,1.0,25,25,10016,40000,480,0,1151616,0
E0,4,0.2426825,0.96875,1.0,0.03125,0.2426825,0.96875,0.03125,21,21,260000,30016,480,0,1127264,0
E1L,0,0.05935666666666667,0.703125,1.0,0.296875,0.05935666666666667,0.703125,0.296875,11,11,190016,200000,480,0,1171136,0
E1L,1,0.07760416666666667,0.0,0.828125,0.828125,0.07760416666666667,0.0,0.828125,19,19,110016,120000,480,0,1190400,0
E1L,2,0.09610083333333333,0.0,0.8125,0.8125,0.09610083333333333,0.0,0.8125,22,22,180000,10016,480,0,1190400,0
E1L,3,0.11354166666666667,0.0,1.0,1.0,0.11354166666666667,0.0,1.0,20,20,150016,80000,481,1,1159264,0
E1L,4,0.030208333333333334,0.0,0.6875,0.6875,0.030208333333333334,0.0,0.6875,5,5,250016,260000,480,0,1190400,0
E2L,0,0.5989558333333334,0.109375,1.0,0.890625,0.5989558333333334,0.109375,0.890625,4,4,90016,110016,480,0,956960,0
E2L,1,0.459375,0.0,1.0,1.0,0.459375,0.0,1.0,4,4,170016,140000,480,0,1107360,0
E2L,2,0.5544341666666667,0.0,1.0,1.0,0.5544341666666667,0.0,1.0,14,14,30016,40000,480,0,1084768,0
E2L,3,0.6635416666666667,0.0,1.0,1.0,0.6635416666666667,0.0,1.0,11,11,30016,70016,480,0,981632,0
E2L,4,0.4392975,0.953125,1.0,0.046875,0.4392975,0.953125,0.046875,16,16,20000,40000,480,0,1068384,0
E3,0,0.00026083333333333335,0.0,0.015625,0.015625,0.00026083333333333335,0.0,0.015625,0,0,0,-1,480,0,1190400,0
E3,1,0.0,0.0,0.0,0.0,0.0,0.0,0.0,0,0,0,-1,480,0,1190400,0
E3,2,0.007559166666666666,0.0,0.265625,0.265625,0.007559166666666666,0.0,0.265625,29,29,0,10016,480,0,1190400,0
E3,3,0.0,0.0,0.0,0.0,0.0,0.0,0.0,0,0,0,-1,480,0,1190400,0
E3,4,0.0015625,0.0,0.046875,0.046875,0.0015625,0.0,0.046875,0,0,70016,-1,483,4,1190400,0
L000,0,0.00026083333333333335,0.0,0.015625,0.015625,0.00026083333333333335,0.0,0.015625,0,0,0,-1,480,0,1190400,0
L000,1,0.0,0.0,0.0,0.0,0.0,0.0,0.0,0,0,0,-1,480,0,1190400,0
L000,2,0.004434166666666667,0.0,0.265625,0.265625,0.004434166666666667,0.0,0.265625,30,30,0,10016,480,0,1190400,0
L000,3,0.0,0.0,0.0,0.0,0.0,0.0,0.0,0,0,0,-1,480,0,1190400,0
L000,4,0.0,0.0,0.0,0.0,0.0,0.0,0.0,0,0,0,-1,480,0,1190400,0
L001,0,0.00026083333333333335,0.0,0.015625,0.015625,0.00026083333333333335,0.0,0.015625,0,0,0,-1,480,0,1190400,0
L001,1,0.0,0.0,0.0,0.0,0.0,0.0,0.0,0,0,0,-1,480,0,1190400,0
L001,2,0.004434166666666667,0.0,0.265625,0.265625,0.004434166666666667,0.0,0.265625,30,30,0,10016,480,0,1190400,0
L001,3,0.0,0.0,0.0,0.0,0.0,0.0,0.0,0,0,0,-1,480,0,1190400,0
L001,4,0.0,0.0,0.0,0.0,0.0,0.0,0.0,0,0,0,-1,480,0,1190400,0
L005,0,0.0007816666666666666,0.0,0.015625,0.015625,0.0007816666666666666,0.0,0.015625,0,0,0,-1,480,0,1190400,0
L005,1,0.0015625,0.0,0.046875,0.046875,0.0015625,0.0,0.046875,0,0,240000,-1,483,3,1190400,0
L005,2,0.004434166666666667,0.0,0.265625,0.265625,0.004434166666666667,0.0,0.265625,30,30,0,10016,481,1,1190400,0
L005,3,0.0,0.0,0.0,0.0,0.0,0.0,0.0,0,0,0,-1,480,0,1190400,0
L005,4,0.0,0.0,0.0,0.0,0.0,0.0,0.0,0,0,0,-1,480,0,1190400,0
L010,0,0.00026083333333333335,0.0,0.015625,0.015625,0.00026083333333333335,0.0,0.015625,0,0,0,-1,480,0,1190400,0
L010,1,0.0,0.0,0.0,0.0,0.0,0.0,0.0,0,0,0,-1,480,0,1190400,0
L010,2,0.004434166666666667,0.0,0.265625,0.265625,0.004434166666666667,0.0,0.265625,30,30,0,10016,480,0,1190400,0
L010,3,0.0,0.0,0.0,0.0,0.0,0.0,0.0,0,0,0,-1,480,0,1190400,0
L010,4,0.0,0.0,0.0,0.0,0.0,0.0,0.0,0,0,0,-1,482,2,1190400,0
L050,0,0.00026083333333333335,0.0,0.015625,0.015625,0.00026083333333333335,0.0,0.015625,0,0,0,-1,480,0,1190400,0
L050,1,0.0,0.0,0.0,0.0,0.0,0.0,0.0,0,0,0,-1,480,0,1190400,0
L050,2,0.005475833333333333,0.0,0.265625,0.265625,0.005475833333333333,0.0,0.265625,29,29,0,10016,480,0,1190400,0
L050,3,0.0005208333333333333,0.0,0.015625,0.015625,0.0005208333333333333,0.0,0.015625,0,0,290016,-1,480,0,1190400,0
L050,4,0.00572,0.34375,0.34375,0.0,0.00572,0.34375,0.0,0,0,300000,-1,485,5,1190400,0
G1,0,0.9377341666666666,1.0,1.0,0.0,0.35520666666666667,0.078125,0.921875,20,0,20000,-1,480,0,1509280,20
G1,1,0.18671333333333334,0.203125,0.28125,0.078125,0.0125,0.0,0.28125,25,0,50016,-1,480,0,2150400,25
G1,2,0.8718566666666666,0.953125,0.953125,0.0,0.2442775,0.015625,0.9375,24,0,30016,-1,480,0,2112000,24
G1,3,0.9562233333333333,1.0,1.0,0.0,0.37552083333333336,0.0,1.0,22,0,10016,-1,480,0,1658400,22
G1,4,0.7143008333333334,0.828125,0.890625,0.0625,0.06770833333333333,0.0,0.875,27,0,160000,-1,480,0,2227200,27
