variant,seed,mode,noise,door_angle_deg,cabinet_dy,exit_code,gpu
E0,0,best,0,0,0,0,0
E0,0,best,0.01,0,0,0,1
E0,0,best,0.05,0,0,0,2
E0,0,best,0.2,0,0,0,3
E0,1,best,0,0,0,0,4
E0,1,best,0.01,0,0,0,5
E0,1,best,0.05,0,0,0,6
E0,1,best,0.2,0,0,0,7
E0,2,best,0,0,0,0,0
E0,2,best,0.01,0,0,0,1
E0,2,best,0.05,0,0,0,2
E0,2,best,0.2,0,0,0,3
E0,3,best,0,0,0,0,4
E0,3,best,0.01,0,0,0,5
E0,3,best,0.05,0,0,0,6
E0,3,best,0.2,0,0,0,7
E0,4,best,0,0,0,0,0
E0,4,best,0.01,0,0,0,1
E0,4,best,0.05,0,0,0,2
E0,4,best,0.2,0,0,0,3
E1L,0,best,0,0,0,0,4
E1L,0,best,0.01,0,0,0,5
E1L,0,best,0.05,0,0,0,6
E1L,0,best,0.2,0,0,0,7
E1L,1,best,0,0,0,0,0
E1L,1,best,0.01,0,0,0,1
E1L,1,best,0.05,0,0,0,2
E1L,1,best,0.2,0,0,0,3
E1L,2,best,0,0,0,0,4
E1L,2,best,0.01,0,0,0,5
E1L,2,best,0.05,0,0,0,6
E1L,2,best,0.2,0,0,0,7
E1L,3,best,0,0,0,0,0
E1L,3,best,0.01,0,0,0,1
E1L,3,best,0.05,0,0,0,2
E1L,3,best,0.2,0,0,0,3
E1L,4,best,0,0,0,0,4
E1L,4,best,0.01,0,0,0,5
E1L,4,best,0.05,0,0,0,6
E1L,4,best,0.2,0,0,0,7
E2L,0,best,0,0,0,0,0
E2L,0,best,0.01,0,0,0,1
E2L,0,best,0.05,0,0,0,2
E2L,0,best,0.2,0,0,0,3
E2L,1,best,0,0,0,0,4
E2L,1,best,0.01,0,0,0,5
E2L,1,best,0.05,0,0,0,6
E2L,1,best,0.2,0,0,0,7
E2L,2,best,0,0,0,0,0
E2L,2,best,0.01,0,0,0,1
E2L,2,best,0.05,0,0,0,2
E2L,2,best,0.2,0,0,0,3
E2L,3,best,0,0,0,0,4
E2L,3,best,0.01,0,0,0,5
E2L,3,best,0.05,0,0,0,6
E2L,3,best,0.2,0,0,0,7
E2L,4,best,0,0,0,0,0
E2L,4,best,0.01,0,0,0,1
E2L,4,best,0.05,0,0,0,2
E2L,4,best,0.2,0,0,0,3
E3,0,best,0,0,0,0,4
E3,0,best,0.01,0,0,0,5
E3,0,best,0.05,0,0,0,6
E3,0,best,0.2,0,0,0,7
E3,1,best,0,0,0,0,0
E3,1,best,0.01,0,0,0,1
E3,1,best,0.05,0,0,0,2
E3,1,best,0.2,0,0,0,3
E3,2,best,0,0,0,0,4
E3,2,best,0.01,0,0,0,5
E3,2,best,0.05,0,0,0,6
E3,2,best,0.2,0,0,0,7
E3,3,best,0,0,0,0,0
E3,3,best,0.01,0,0,0,1
E3,3,best,0.05,0,0,0,2
E3,3,best,0.2,0,0,0,3
E3,4,best,0,0,0,0,4
E3,4,best,0.01,0,0,0,5
E3,4,best,0.05,0,0,0,6
E3,4,best,0.2,0,0,0,7
G1,0,best,0,0,0,0,0
G1,0,best,0.01,0,0,0,1
G1,0,best,0.05,0,0,0,2
G1,0,best,0.2,0,0,0,3
G1,1,best,0,0,0,0,4
G1,1,best,0.01,0,0,0,5
G1,1,best,0.05,0,0,0,6
G1,1,best,0.2,0,0,0,7
G1,2,best,0,0,0,0,0
G1,2,best,0.01,0,0,0,1
G1,2,best,0.05,0,0,0,2
G1,2,best,0.2,0,0,0,3
G1,3,best,0,0,0,0,4
G1,3,best,0.01,0,0,0,5
G1,3,best,0.05,0,0,0,6
G1,3,best,0.2,0,0,0,7
G1,4,best,0,0,0,0,0
G1,4,best,0.01,0,0,0,1
G1,4,best,0.05,0,0,0,2
G1,4,best,0.2,0,0,0,3
E1,0,best,0,0,0,0,4
E1,0,best,0.01,0,0,0,5
E1,0,best,0.05,0,0,0,6
E1,0,best,0.2,0,0,0,7
E1,1,best,0,0,0,0,0
E1,1,best,0.01,0,0,0,1
E1,1,best,0.05,0,0,0,2
E1,1,best,0.2,0,0,0,3
E1,2,best,0,0,0,0,4
E1,2,best,0.01,0,0,0,5
E1,2,best,0.05,0,0,0,6
E1,2,best,0.2,0,0,0,7
E1,3,best,0,0,0,0,0
E1,3,best,0.01,0,0,0,1
E1,3,best,0.05,0,0,0,2
E1,3,best,0.2,0,0,0,3
E1,4,best,0,0,0,0,4
E1,4,best,0.01,0,0,0,5
E1,4,best,0.05,0,0,0,6
E1,4,best,0.2,0,0,0,7
E2,0,best,0,0,0,0,0
E2,0,best,0.01,0,0,0,1
E2,0,best,0.05,0,0,0,2
E2,0,best,0.2,0,0,0,3
E2,1,best,0,0,0,0,4
E2,1,best,0.01,0,0,0,5
E2,1,best,0.05,0,0,0,6
E2,1,best,0.2,0,0,0,7
E2,2,best,0,0,0,0,0
E2,2,best,0.01,0,0,0,1
E2,2,best,0.05,0,0,0,2
E2,2,best,0.2,0,0,0,3
E2,3,best,0,0,0,0,4
E2,3,best,0.01,0,0,0,5
E2,3,best,0.05,0,0,0,6
E2,3,best,0.2,0,0,0,7
E2,4,best,0,0,0,0,0
E2,4,best,0.01,0,0,0,1
E2,4,best,0.05,0,0,0,2
E2,4,best,0.2,0,0,0,3
E0,0,best,0,2.5,0,0,4
E0,0,best,0,5,0,0,5
E0,0,best,0,0,0.01,0,6
E0,0,best,0,0,-0.01,0,7
E0,0,final,0,0,0,0,0
E0,0,final,0,2.5,0,0,1
E0,0,final,0,5,0,0,2
E0,0,final,0,0,0.01,0,3
E0,0,final,0,0,-0.01,0,4
E0,1,best,0,2.5,0,0,5
E0,1,best,0,5,0,0,6
E0,1,best,0,0,0.01,0,7
E0,1,best,0,0,-0.01,0,0
E0,1,final,0,0,0,0,1
E0,1,final,0,2.5,0,0,2
E0,1,final,0,5,0,0,3
E0,1,final,0,0,0.01,0,4
E0,1,final,0,0,-0.01,0,5
E0,2,best,0,2.5,0,0,6
E0,2,best,0,5,0,0,7
E0,2,best,0,0,0.01,0,0
E0,2,best,0,0,-0.01,0,1
E0,2,final,0,0,0,0,2
E0,2,final,0,2.5,0,0,3
E0,2,final,0,5,0,0,4
E0,2,final,0,0,0.01,0,5
E0,2,final,0,0,-0.01,0,6
E0,3,best,0,2.5,0,0,7
E0,3,best,0,5,0,0,0
E0,3,best,0,0,0.01,0,1
E0,3,best,0,0,-0.01,0,2
E0,3,final,0,0,0,0,3
E0,3,final,0,2.5,0,0,4
E0,3,final,0,5,0,0,5
E0,3,final,0,0,0.01,0,6
E0,3,final,0,0,-0.01,0,7
E0,4,best,0,2.5,0,0,0
E0,4,best,0,5,0,0,1
E0,4,best,0,0,0.01,0,2
E0,4,best,0,0,-0.01,0,3
E0,4,final,0,0,0,0,4
E0,4,final,0,2.5,0,0,5
E0,4,final,0,5,0,0,6
E0,4,final,0,0,0.01,0,7
E0,4,final,0,0,-0.01,0,0
G1,0,best,0,2.5,0,0,1
G1,0,best,0,5,0,0,2
G1,0,best,0,0,0.01,0,3
G1,0,best,0,0,-0.01,0,4
G1,0,final,0,0,0,0,5
G1,0,final,0,2.5,0,0,6
G1,0,final,0,5,0,0,7
G1,0,final,0,0,0.01,0,0
G1,0,final,0,0,-0.01,0,1
G1,1,best,0,2.5,0,0,2
G1,1,best,0,5,0,0,3
G1,1,best,0,0,0.01,0,4
G1,1,best,0,0,-0.01,0,5
G1,1,final,0,0,0,0,6
G1,1,final,0,2.5,0,0,7
G1,1,final,0,5,0,0,0
G1,1,final,0,0,0.01,0,1
G1,1,final,0,0,-0.01,0,2
G1,2,best,0,2.5,0,0,3
G1,2,best,0,5,0,0,4
G1,2,best,0,0,0.01,0,5
G1,2,best,0,0,-0.01,0,6
G1,2,final,0,0,0,0,7
G1,2,final,0,2.5,0,0,0
G1,2,final,0,5,0,0,1
G1,2,final,0,0,0.01,0,2
G1,2,final,0,0,-0.01,0,3
G1,3,best,0,2.5,0,0,4
G1,3,best,0,5,0,0,5
G1,3,best,0,0,0.01,0,6
G1,3,best,0,0,-0.01,0,7
G1,3,final,0,0,0,0,0
G1,3,final,0,2.5,0,0,1
G1,3,final,0,5,0,0,2
G1,3,final,0,0,0.01,0,3
G1,3,final,0,0,-0.01,0,4
G1,4,best,0,2.5,0,0,5
G1,4,best,0,5,0,0,6
G1,4,best,0,0,0.01,0,7
G1,4,best,0,0,-0.01,0,0
G1,4,final,0,0,0,0,1
G1,4,final,0,2.5,0,0,2
G1,4,final,0,5,0,0,3
G1,4,final,0,0,0.01,0,4
G1,4,final,0,0,-0.01,0,5
E1,0,best,0,2.5,0,0,6
E1,0,best,0,5,0,0,7
E1,0,best,0,0,0.01,0,0
E1,0,best,0,0,-0.01,0,1
E1,0,final,0,0,0,0,2
E1,0,final,0,2.5,0,0,3
E1,0,final,0,5,0,0,4
E1,0,final,0,0,0.01,0,5
E1,0,final,0,0,-0.01,0,6
E1,1,best,0,2.5,0,0,7
E1,1,best,0,5,0,0,0
E1,1,best,0,0,0.01,0,1
E1,1,best,0,0,-0.01,0,2
E1,1,final,0,0,0,0,3
E1,1,final,0,2.5,0,0,4
E1,1,final,0,5,0,0,5
E1,1,final,0,0,0.01,0,6
E1,1,final,0,0,-0.01,0,7
E1,2,best,0,2.5,0,0,0
E1,2,best,0,5,0,0,1
E1,2,best,0,0,0.01,0,2
E1,2,best,0,0,-0.01,0,3
E1,2,final,0,0,0,0,4
E1,2,final,0,2.5,0,0,5
E1,2,final,0,5,0,0,6
E1,2,final,0,0,0.01,0,7
E1,2,final,0,0,-0.01,0,0
E1,3,best,0,2.5,0,0,1
E1,3,best,0,5,0,0,2
E1,3,best,0,0,0.01,0,3
E1,3,best,0,0,-0.01,0,4
E1,3,final,0,0,0,0,5
E1,3,final,0,2.5,0,0,6
E1,3,final,0,5,0,0,7
E1,3,final,0,0,0.01,0,0
E1,3,final,0,0,-0.01,0,1
E1,4,best,0,2.5,0,0,2
E1,4,best,0,5,0,0,3
E1,4,best,0,0,0.01,0,4
E1,4,best,0,0,-0.01,0,5
E1,4,final,0,0,0,0,6
E1,4,final,0,2.5,0,0,7
E1,4,final,0,5,0,0,0
E1,4,final,0,0,0.01,0,1
E1,4,final,0,0,-0.01,0,2
