variant,env_steps,success_mean,success_sd,reward_mean,reward_sd,contact_mean,contact_sd
A,0,0.009375,0.02096313728906053,4.18673415184021,1.7613509893497032,0.421875,0.39851408577677655
A,25024,0.153125,0.34239790905465534,9.254854178801178,11.462434981627982,0.190625,0.40900508095865995
A,50016,0.08125,0.1242162932146987,7.461047214828431,5.809171905012957,0.6,0.43980975112825776
A,75008,0.234375,0.3081731706768128,9.995761265419423,9.735881151884215,0.4125,0.39845281833298657
A,100000,0.1625,0.36336104634371585,7.4636870419606565,12.323271795918599,0.29375,0.3875503999481874
A,125024,0.234375,0.25840367825845667,10.861712637543679,9.881719613326858,0.36875,0.358797089679529
A,150016,0.20625,0.44392602142699406,9.672418094985186,16.92024911215889,0.221875,0.43755580001298117
A,175008,0.134375,0.21183259162602908,7.341521063074469,8.096548644582043,0.175,0.24862905351145106
A,200000,0.0875,0.1956559480312316,6.170695559307933,7.1709321979761125,0.0875,0.1956559480312316
A,225024,0.0125,0.027950849718747377,4.4466573225334285,4.388455485809813,0.021875,0.040745015032516554
A,250016,0.0,0.0,1.945219404157251,1.5709784761943224,0.0,0.0
A,275008,0.028125,0.0628894118671816,4.458983299694955,3.8233188307869934,0.040625,0.09084026158592896
A,300000,0.03125,0.06987712429686843,3.89670110847801,2.6164133938093332,0.071875,0.0998044963916957
A,325024,0.0,0.0,4.549754818528891,3.8102239333512014,0.0125,0.027950849718747374
A,350016,0.203125,0.42847841252506524,9.632386604696512,15.291723213720266,0.203125,0.42847841252506524
A,375008,0.4,0.5337258483997191,16.647404100373386,19.426151831746893,0.4,0.5337258483997191
A,400000,0.171875,0.3045873232752801,9.0952986381948,11.984275671734894,0.2,0.31452469100215336
A,425024,0.471875,0.4285353872494079,20.90450885593891,12.329161218668611,0.625,0.34303903750156484
A,450016,0.659375,0.3596126931331818,25.211181562766434,12.470305658379765,0.675,0.3575701963426202
A,475008,0.165625,0.3104621051754948,10.73253129646182,11.138090661004584,0.2,0.35413985805398973
A,500000,0.446875,0.5026298028867767,18.08795279208571,18.117282354281755,0.5,0.49262133657607643
B,0,0.009375,0.02096313728906053,4.18673415184021,1.7613509893497032,0.421875,0.39851408577677655
B,25024,0.18125,0.26159628664700113,11.38665261603892,11.262640984395738,0.3,0.360967937028346
B,50016,0.24375,0.417307449984421,11.303106354549527,15.056256801990816,0.403125,0.544907173860833
B,75008,0.028125,0.0628894118671816,3.3072094256058335,2.4165755460938354,0.103125,0.1022214202112258
B,100000,0.0125,0.02037250751625828,4.319867520034313,1.1701859214307189,0.015625,0.019136638615493577
B,125024,0.05,0.11180339887498951,7.1372638247907165,3.6452145642690983,0.059375,0.10847846848568612
B,150016,0.009375,0.008558164961018222,4.7105930864810945,1.1534912311908978,0.146875,0.285899075287067
B,175008,0.375,0.4123638506373952,17.67076755389571,13.733177902052564,0.628125,0.4443382984140575
B,200000,0.0,0.0,3.4127910446375607,1.1066680141502137,0.090625,0.19402701970344233
B,225024,0.034375,0.07686483672655528,4.577631299570203,3.7551697039669065,0.18125,0.2680495960405462
B,250016,0.003125,0.006987712429686844,4.714164873957634,3.1046285127069075,0.384375,0.5202913847066852
B,275008,0.196875,0.44022588307027116,11.622644063085318,15.812367934832812,0.371875,0.5116322684555774
B,300000,0.0,0.0,2.7677270703017713,1.3766473360184048,0.065625,0.1467419610234237
B,325024,0.01875,0.04192627457812106,3.7030302505008876,2.752002884356155,0.109375,0.19640320453088336
B,350016,0.096875,0.21661908532029214,6.353316251281649,8.126879183020039,0.140625,0.28895690638917076
B,375008,0.071875,0.16071738588279738,5.59765524212271,6.103654091166145,0.44375,0.44560023598793125
B,400000,0.2,0.447213595499958,13.965784877166152,15.99698984905147,0.4,0.5477225575051662
B,425024,0.175,0.3913118960624632,14.375457356497645,12.380701736232641,0.709375,0.3636968388988279
B,450016,0.0,0.0,8.455188001319765,4.863978730079536,0.603125,0.496029154259102
B,475008,0.075,0.16770509831248423,11.432586663588882,10.560097116302384,0.484375,0.501219216635795
B,500000,0.0,0.0,9.08585288003087,6.417830990360541,0.6375,0.476293469144812
C,0,0.059375,0.10734727523323542,7.890406102687121,4.220404245730655,0.8,0.33845351416405767
C,25024,0.021875,0.03423265984407288,4.809456255100668,2.6294905611210484,0.15,0.26736562045259293
C,50016,0.234375,0.3371163907873659,11.903236409276724,11.279538118544963,0.603125,0.4123046412393389
C,75008,0.1625,0.26368778887161237,9.833455478399992,8.32398362390591,0.634375,0.2924422352149224
C,100000,0.0,0.0,6.036566735059023,3.0624696324647456,0.165625,0.3703487587734027
C,125024,0.015625,0.034938562148434216,5.402863093465567,1.3689158136199409,0.015625,0.034938562148434216
C,150016,0.0,0.0,6.528621809929609,4.982834223293114,0.225,0.33541019662496846
C,175008,0.21875,0.3067836549386228,13.061409137398005,8.636630994738873,0.315625,0.43657827011602396
C,200000,0.25625,0.30670406389955124,13.832151655852794,11.487150960654162,0.53125,0.37238672774415577
C,225024,0.328125,0.3451675317871019,17.529191751778125,10.983214813727558,0.96875,0.05412658773652741
C,250016,0.15,0.2848296502955758,13.185923779010773,8.804667172555366,0.65,0.4537441890123773
C,275008,0.05,0.07194290270763337,7.769534012675285,5.39646069119364,0.596875,0.5379177155941232
C,300000,0.215625,0.36299131575355903,16.514341577887535,9.437910077138271,1.0,0.0
C,325024,0.115625,0.18408345593778927,11.487651639804245,7.397043073097613,0.96875,0.04419417382415922
C,350016,0.175,0.331345799826254,17.120277404785156,9.735029940338872,0.9875,0.02795084971874737
C,375008,0.071875,0.14388580541526672,15.997712850570679,5.385974302025654,0.9875,0.02795084971874737
C,400000,0.128125,0.23758222260935266,16.180167700350285,5.378307086172215,0.8,0.44721359549995804
C,425024,0.41875,0.4073602617002547,23.61036113165319,12.884351688609714,0.790625,0.4424386433450405
C,450016,0.20625,0.43545840609350966,14.2708449376747,12.39309215173038,0.559375,0.5173267372995524
C,475008,0.015625,0.027063293868263706,11.245728604495525,5.40438064787507,0.596875,0.4253904456496408
C,500000,0.284375,0.43978199499865833,15.176936952676623,13.207460654859394,0.6,0.5477225575051662
D,0,0.009375,0.02096313728906053,4.18673415184021,1.7613509893497032,0.421875,0.39851408577677655
D,25024,0.0,0.0,3.484254704415798,0.9538759943342269,0.0875,0.1956559480312316
D,50016,0.15,0.33541019662496846,9.515153963118792,13.310441366999877,0.559375,0.4433757224409113
D,75008,0.00625,0.013975424859373687,3.4040778659284117,0.7214742262264867,0.340625,0.47808414858160686
D,100000,0.0,0.0,5.194018513709307,3.3915176003335907,0.0125,0.027950849718747377
D,125024,0.0,0.0,3.6854909747838973,1.1470790790020264,0.003125,0.006987712429686844
D,150016,0.0,0.0,3.89787588045001,1.7557229077154286,0.090625,0.17760340297978527
D,175008,0.103125,0.14388580541526672,7.30230161100626,5.277783001490462,0.11875,0.17173289580042606
D,200000,0.178125,0.372321160928304,10.271409928426147,13.333083658028102,0.503125,0.469842476927108
D,225024,0.0,0.0,4.42797730145976,3.5537072949292696,0.3,0.390843688784276
D,250016,0.046875,0.10481568644530265,6.54986422508955,5.390567659118052,0.4,0.49380933187820586
D,275008,0.0,0.0,3.777578652650118,2.7655192763832197,0.39375,0.5391643925441478
D,300000,0.0,0.0,3.253672236390412,1.1982853056392824,0.03125,0.06987712429686843
D,325024,0.2,0.44721359549995804,12.482432587444782,14.657343244273992,0.4,0.5477225575051662
D,350016,0.0,0.0,5.337749584019184,3.2151014082210767,0.2,0.44721359549995804
D,375008,0.0,0.0,3.981517832353711,2.0695116649540193,0.196875,0.4402258830702711
D,400000,0.0,0.0,6.079637157544494,4.445630497955442,0.225,0.4366062299143245
D,425024,0.0,0.0,6.193563595041633,4.194995529174982,0.459375,0.5040848762857303
D,450016,0.2,0.447213595499958,12.390722501091659,14.743531970945032,0.634375,0.4081386387460761
D,475008,0.0,0.0,7.352575768530369,4.823642213780017,0.571875,0.5251952761830594
D,500000,0.18125,0.4052873209218369,10.703864770755171,15.629851168739409,0.4,0.4199318676136642
