contrast,metric,mean_difference,bootstrap_ci_2p5,bootstrap_ci_97p5,exact_signflip_p_two_sided,seed_pairs
B-A,auc_success,-0.0944438,-0.1998182,-0.009054999999999997,0.1875,5
B-A,final_success,-0.446875,-0.840625,-0.053125,0.25,5
B-A,auc_reward,-1.6713138786886066,-3.8335088521343343,0.13973994793410577,0.25,5
D-B,auc_success,-0.0398404,-0.10719379999999998,0.0204752,0.5,5
D-B,final_success,0.18125,0.0,0.54375,1.0,5
D-B,auc_reward,-1.5709634263892767,-4.034666636739527,0.8927397839609743,0.375,5
C-A,auc_success,-0.035450199999999994,-0.15623479999999995,0.121895,0.625,5
C-A,final_success,-0.1625,-0.840625,0.515625,0.8125,5
C-A,auc_reward,2.8491222233643985,-0.8677962933887177,6.815365510225812,0.3125,5
C-B,auc_success,0.0589936,-0.0635003,0.2041635,0.625,5
C-B,final_success,0.284375,0.0,0.684375,0.5,5
C-B,auc_reward,4.520436102053004,1.6578892306744053,8.590425178759881,0.0625,5
