variant,mode,seed,gpu,exit_code
E0,final,0,1,0
E25,final,0,2,0
E100,best,0,3,0
E100,final,0,4,0
E100R1,final,0,5,0
Q0,best,0,6,0
Q0,final,0,7,0
E0,best,1,0,0
E0,final,1,1,0
E25,final,1,2,0
E100,best,1,3,0
E100,final,1,4,0
E100R1,final,1,5,0
Q0,best,1,6,0
Q0,final,1,7,0
E0,best,2,0,0
E0,final,2,1,0
E25,final,2,2,0
E100,best,2,3,0
E100,final,2,4,0
E100R1,final,2,5,0
Q0,best,2,6,0
Q0,final,2,7,0
E0,best,3,0,0
E0,final,3,1,0
E25,final,3,2,0
E100,best,3,3,0
E100,final,3,4,0
E100R1,final,3,5,0
Q0,best,3,6,0
Q0,final,3,7,0
E0,best,4,0,0
E0,final,4,1,0
E25,final,4,2,0
E100,best,4,3,0
E100,final,4,4,0
E100R1,final,4,5,0
Q0,best,4,6,0
Q0,final,4,7,0
