test_split,model,model_seed,uniform_success,weighted_success,success_enrichment,uniform_return,weighted_return,return_enrichment,uniform_transition_success,weighted_transition_success,transition_success_enrichment,effective_sample_size,max_source_mass_difference
test,E2_best_Q,0,0.7170000000000004,0.7117500000000001,-0.005249999999999974,28.36947753363848,28.16251594118467,-0.20696159245381324,0.5310014141771258,0.5244395744418733,-0.006561839735252383,928.9432371699868,1.1102230246251565e-16
test,E2_best_Q,1,0.7170000000000004,0.7167483870967741,-0.0002516129032257043,28.36947753363848,28.364891248760017,-0.004586284878462123,0.5310014141771258,0.5307421045856949,-0.0002593095914307842,935.3179326439007,9.71445146547012e-17
test,E2_best_Q,2,0.7170000000000004,0.7056967741935483,-0.011303225806451697,28.36947753363848,27.956027160802574,-0.4134503728359007,0.5310014141771258,0.517080422605886,-0.013920991571239678,944.7536338864668,1.1102230246251565e-16
test,E2_best_Q,3,0.7170000000000004,0.7124709677419354,-0.004529032258064477,28.36947753363848,28.208398805667414,-0.16107872797106437,0.5310014141771258,0.525501583795195,-0.005499830381930785,933.8771809044686,9.71445146547012e-17
test,E2_best_Q,4,0.7170000000000004,0.7213741935483868,0.004374193548387022,28.36947753363848,28.54728833682008,0.17781080318160256,0.5310014141771258,0.5366192415148401,0.005617827337714477,916.1232578923626,8.326672684688674e-17
test,Q0_best_Q,0,0.7170000000000004,0.7269629032258065,0.009962903225806414,28.36947753363848,28.73538717836939,0.3659096447309171,0.5310014141771258,0.5435362167469221,0.012534802569796381,905.5231299700032,8.326672684688674e-17
test,Q0_best_Q,1,0.7170000000000004,0.7232225806451614,0.006222580645161348,28.36947753363848,28.59535887873461,0.22588134509613636,0.5310014141771258,0.5386541193759419,0.0076527051988161485,913.1327806472862,6.938893903907228e-17
test,Q0_best_Q,2,0.7170000000000004,0.7239870967741936,0.006987096774193552,28.36947753363848,28.601550170847485,0.23207263720900817,0.5310014141771258,0.5396588132439644,0.008657399066838555,898.9662327983722,8.326672684688674e-17
test,Q0_best_Q,3,0.7170000000000004,0.7162790322580644,-0.0007209677419355001,28.36947753363848,28.31141916699102,-0.058058366647459024,0.5310014141771258,0.5299518534689586,-0.0010495607081671566,906.0712985619149,9.71445146547012e-17
test,Q0_best_Q,4,0.7170000000000004,0.7201887096774193,0.0031887096774193334,28.36947753363848,28.46617258848384,0.09669505484536678,0.5310014141771258,0.5349491687831494,0.003947754606023676,902.574031721326,8.326672684688674e-17
test,MC,0,0.7170000000000004,0.7259177419354836,0.008917741935483756,28.36947753363848,28.662171783460725,0.2926942498222423,0.5310014141771258,0.541971406125717,0.010969991948591253,900.3572647607257,1.1102230246251565e-16
test,MC,1,0.7170000000000004,0.7266725806451614,0.009672580645161346,28.36947753363848,28.699434481197596,0.3299569475591202,0.5310014141771258,0.542961310069159,0.011959895892033423,898.6500592893962,6.938893903907228e-17
test,MC,2,0.7170000000000004,0.7269435483870967,0.009943548387096723,28.36947753363848,28.702453159863534,0.3329756262250466,0.5310014141771258,0.5432991331104733,0.012297718933347624,896.5789969456697,9.71445146547012e-17
test,MC,3,0.7170000000000004,0.7262467741935483,0.00924677419354843,28.36947753363848,28.678638324951557,0.30916079131307306,0.5310014141771258,0.5424334700443729,0.011432055867247213,897.8243222197134,6.938893903907228e-17
test,MC,4,0.7170000000000004,0.7262467741935483,0.009246774193548331,28.36947753363848,28.68098400869562,0.3115064750571383,0.5310014141771258,0.5423937153681647,0.011392301191039074,895.8815546513225,9.71445146547012e-17
test,EARLY50,0,0.7170000000000004,0.7351741935483872,0.018174193548387167,28.36947753363848,29.104496922810334,0.7350193891718533,0.5310014141771258,0.5545242874163218,0.023522873239196072,891.3586273240386,6.938893903907228e-17
test,EARLY50,1,0.7170000000000004,0.7351741935483871,0.018174193548387126,28.36947753363848,29.131321168716973,0.7618436350784967,0.5310014141771258,0.5547483104853521,0.023746896308226448,891.3576972155106,6.938893903907228e-17
test,EARLY50,2,0.7170000000000004,0.7351741935483871,0.018174193548387042,28.36947753363848,29.110745962266094,0.7412684286276164,0.5310014141771258,0.5545560964841789,0.023554682307053307,891.3585157109129,6.938893903907228e-17
test,EARLY50,3,0.7170000000000004,0.7351741935483871,0.018174193548387087,28.36947753363848,29.10887071485683,0.7393931812183507,0.5310014141771258,0.5545532324039175,0.02355181822679179,891.3595946389668,8.326672684688674e-17
test,EARLY50,4,0.7170000000000004,0.7351741935483871,0.018174193548387136,28.36947753363848,29.10440908909719,0.7349315554587126,0.5310014141771258,0.5544960276786671,0.023494613501541473,891.3588133459768,6.938893903907228e-17
test,EARLY100,0,0.7170000000000004,0.7351741935483871,0.018174193548387084,28.36947753363848,29.056005687385213,0.6865281537467424,0.5310014141771258,0.5538396980787761,0.02283828390165036,891.361045615295,9.71445146547012e-17
test,EARLY100,1,0.7170000000000004,0.7351741935483871,0.018174193548387174,28.36947753363848,29.08194069945851,0.7124631658200323,0.5310014141771258,0.5542347454837824,0.02323333130665684,891.352414235898,5.551115123125783e-17
test,EARLY100,2,0.7170000000000004,0.7351741935483872,0.018174193548387122,28.36947753363848,29.090362723267653,0.7208851896291785,0.5310014141771258,0.5542862702334576,0.023284856056331876,891.3526002552429,9.71445146547012e-17
test,EARLY100,3,0.7170000000000004,0.7351741935483871,0.01817419354838699,28.36947753363848,29.056324763994056,0.6868472303555813,0.5310014141771258,0.5541072800724678,0.02310586589534206,891.3533815373411,1.249000902703301e-16
test,EARLY100,4,0.7170000000000004,0.7351741935483871,0.018174193548387087,28.36947753363848,29.045820596639572,0.6763430630010943,0.5310014141771258,0.5538140310439728,0.02281261686684718,891.3523398281818,6.938893903907228e-17
test,QUALITY,0,0.7170000000000004,0.7351741935483872,0.01817419354838706,28.36947753363848,29.067583856583994,0.6981063229455081,0.5310014141771258,0.5541273922370096,0.02312597805988389,891.4204280836506,8.326672684688674e-17
test,QUALITY,1,0.7170000000000004,0.7351741935483871,0.018174193548387042,28.36947753363848,29.04749007545863,0.6780125418201551,0.5310014141771258,0.5540502453780184,0.02304883120089277,891.3596318434286,6.938893903907228e-17
test,QUALITY,2,0.7170000000000004,0.7351741935483871,0.018174193548387087,28.36947753363848,29.061742515335546,0.6922649816970664,0.5310014141771258,0.5541215258719288,0.023120111694803065,891.3667007476072,8.326672684688674e-17
test,QUALITY,3,0.7170000000000004,0.735174193548387,0.018174193548386963,28.36947753363848,29.080502566290857,0.7110250326523803,0.5310014141771258,0.5541747473413885,0.023173333164262816,891.4096746565715,1.249000902703301e-16
test,QUALITY,4,0.7170000000000004,0.7351741935483871,0.018174193548387136,28.36947753363848,29.0534126034604,0.6839350698219211,0.5310014141771258,0.5540262802773112,0.023024866100185466,891.358255280394,8.326672684688674e-17
stress,E2_best_Q,0,0.5420000000000003,0.5473564516129032,0.005356451612903147,24.06626772719622,24.230466483721614,0.16419875652539792,0.35338894313916963,0.3582752164212005,0.004886273282030956,935.9475299049359,1.1102230246251565e-16
stress,E2_best_Q,1,0.5420000000000003,0.5476322580645162,0.00563225806451614,24.06626772719622,24.278607052692582,0.21233932549636267,0.35338894313916963,0.3583871023457306,0.004998159206561022,920.3247873100445,9.71445146547012e-17
stress,E2_best_Q,2,0.5420000000000003,0.5449322580645162,0.0029322580645161564,24.06626772719622,24.18746639803216,0.12119867083593835,0.35338894313916963,0.3558885155193073,0.002499572380137654,932.221917862383,8.326672684688674e-17
stress,E2_best_Q,3,0.5420000000000003,0.5484258064516129,0.006425806451612916,24.06626772719622,24.308404131727254,0.242136404531041,0.35338894313916963,0.3596834906425367,0.006294547503367092,922.6039454711313,9.71445146547012e-17
stress,E2_best_Q,4,0.5420000000000003,0.5574548387096774,0.015454838709677433,24.06626772719622,24.516183673464003,0.44991594626778586,0.35338894313916963,0.36815122517237114,0.014762282033201495,912.3557592008718,8.326672684688674e-17
stress,Q0_best_Q,0,0.5420000000000003,0.5372387096774195,-0.004761290322580595,24.06626772719622,23.935378891097155,-0.13088883609906143,0.35338894313916963,0.3495034947515433,-0.003885448387626273,906.0275144434315,1.249000902703301e-16
stress,Q0_best_Q,1,0.5420000000000003,0.543983870967742,0.0019838709677419556,24.06626772719622,24.126773826556445,0.06050609936022107,0.35338894313916963,0.35489559264789067,0.0015066495087210593,916.3293562319046,5.551115123125783e-17
stress,Q0_best_Q,2,0.5420000000000003,0.5349306451612905,-0.007069354838709675,24.06626772719622,23.917700714535194,-0.14856701266102304,0.35338894313916963,0.346805048941615,-0.006583894197554581,902.0637293850863,1.1102230246251565e-16
stress,Q0_best_Q,3,0.5420000000000003,0.5534725806451612,0.011472580645161237,24.06626772719622,24.388051818357454,0.32178409116123796,0.35338894313916963,0.36389346422383534,0.010504521084665734,913.333668412425,1.249000902703301e-16
stress,Q0_best_Q,4,0.5420000000000003,0.5390483870967742,-0.002951612903225815,24.06626772719622,23.97456210253393,-0.09170562466229185,0.35338894313916963,0.3505683653539051,-0.002820577785264502,901.5591419325966,8.326672684688674e-17
stress,MC,0,0.5420000000000003,0.5503419354838709,0.008341935483870914,24.06626772719622,24.356110223774365,0.2898424965781528,0.35338894313916963,0.36134811623584323,0.007959173096673608,896.6317733532829,9.71445146547012e-17
stress,MC,1,0.5420000000000003,0.5534290322580645,0.011429032258064463,24.06626772719622,24.438107107410698,0.37183938021448165,0.35338894313916963,0.364133529065191,0.010744585926021379,896.3036967173922,9.71445146547012e-17
stress,MC,2,0.5420000000000003,0.5414,-0.0006000000000000068,24.06626772719622,24.05778698333242,-0.008480743863793945,0.35338894313916963,0.3530630486587188,-0.00032589448045083186,896.8828286654074,6.938893903907228e-17
stress,MC,3,0.5420000000000003,0.5523306451612904,0.0103306451612903,24.06626772719622,24.371363781776925,0.3050960545807104,0.35338894313916963,0.36309067370888876,0.00970173056971911,896.1310618440655,9.71445146547012e-17
stress,MC,4,0.5420000000000003,0.5544112903225806,0.01241129032258063,24.06626772719622,24.408436773780466,0.34216904658425146,0.35338894313916963,0.36535435019596796,0.011965407056798343,896.6348979716495,9.71445146547012e-17
stress,EARLY50,0,0.5420000000000003,0.5843870967741935,0.04238709677419351,24.06626772719622,25.293741266065837,1.2274735388696174,0.35338894313916963,0.394598411934462,0.04120946879529237,891.3501076024681,9.71445146547012e-17
stress,EARLY50,1,0.5420000000000003,0.5832451612903226,0.04124516129032257,24.06626772719622,25.650271830340355,1.584004103144137,0.35338894313916963,0.3930456431298745,0.03965669999070486,891.349958787818,8.326672684688674e-17
stress,EARLY50,2,0.5420000000000003,0.5841064516129033,0.04210645161290324,24.06626772719622,25.277008494270625,1.2107407670744006,0.35338894313916963,0.39432348623230273,0.040934543093133165,891.350219213488,8.326672684688674e-17
stress,EARLY50,3,0.5420000000000003,0.5814451612903226,0.039445161290322536,24.06626772719622,25.182863439976398,1.1165957127801813,0.35338894313916963,0.3917011595833384,0.038312216444168795,891.3501076024681,8.326672684688674e-17
stress,EARLY50,4,0.5420000000000003,0.5855096774193549,0.04350967741935487,24.06626772719622,25.32633975175658,1.26007202456036,0.35338894313916963,0.39569501124970846,0.04230606811053883,891.3496983622997,8.326672684688674e-17
stress,EARLY100,0,0.5420000000000003,0.5897774193548386,0.047777419354838674,24.06626772719622,25.919428267241294,1.853160540045076,0.35338894313916963,0.3985440792926018,0.045155136153432154,891.3532699255288,6.938893903907228e-17
stress,EARLY100,1,0.5420000000000003,0.599,0.05699999999999998,24.06626772719622,26.133859152417415,2.067591425221196,0.35338894313916963,0.4079282132049663,0.054539270065796674,891.3498471768631,8.326672684688674e-17
stress,EARLY100,2,0.5420000000000003,0.596725806451613,0.054725806451612916,24.06626772719622,26.11884815793076,2.0525804307345425,0.35338894313916963,0.4057668399533131,0.05237789681414348,891.3496611586668,8.326672684688674e-17
stress,EARLY100,3,0.5420000000000003,0.594858064516129,0.05285806451612897,24.06626772719622,26.048081253127517,1.9818135259312952,0.35338894313916963,0.4037667741628312,0.0503778310236616,891.351781770705,8.326672684688674e-17
stress,EARLY100,4,0.5420000000000003,0.5843870967741935,0.04238709677419356,24.06626772719622,25.836563280080405,1.770295552884187,0.35338894313916963,0.3932482217137431,0.039859278574573484,891.3498471768629,8.326672684688674e-17
stress,QUALITY,0,0.5420000000000003,0.6069161290322581,0.0649161290322581,24.06626772719622,25.77856095815513,1.7122932309589092,0.35338894313916963,0.41597924327401326,0.0625903001348437,891.3637615580417,8.326672684688674e-17
stress,QUALITY,1,0.5420000000000003,0.6069161290322581,0.06491612903225807,24.06626772719622,25.774787387329727,1.7085196601335084,0.35338894313916963,0.4159584036515892,0.0625694605124196,891.3489914938039,8.326672684688674e-17
stress,QUALITY,2,0.5420000000000003,0.606916129032258,0.06491612903225799,24.06626772719622,25.828845934224706,1.762578207028486,0.35338894313916963,0.41605677348277537,0.06266783034360571,891.3547952893799,1.1102230246251565e-16
stress,QUALITY,3,0.5420000000000003,0.6069161290322581,0.06491612903225807,24.06626772719622,25.899168823396778,1.832901096200559,0.35338894313916963,0.4160226951911729,0.06263375205200333,891.371239787295,6.938893903907228e-17
stress,QUALITY,4,0.5420000000000003,0.6069161290322581,0.06491612903225806,24.06626772719622,25.833971001655254,1.767703274459031,0.35338894313916963,0.41587521229006436,0.06248626915089468,891.3520794012722,9.71445146547012e-17
