test_split,comparison,metric,mean_difference,ci95_low,ci95_high,exact_signflip_p
test,EARLY100_minus_MC,success_pairwise_accuracy,0.2804810976240815,0.2341739063707484,0.3267882888774147,0.0625
test,EARLY100_minus_MC,within_source_pairwise_accuracy_mean,0.2526167781493869,0.24005072485691845,0.26518283144185534,0.0625
test,EARLY100_minus_MC,spearman_discounted_return,-0.053743897019053424,-0.16003476514449788,0.05254697110639102,0.1875
test,EARLY100_minus_MC,top20_success,0.0,0.0,0.0,1.0
test,EARLY100_minus_TD0,success_pairwise_accuracy,0.29116509208470703,0.1961750328709863,0.38615515129842776,0.0625
test,EARLY100_minus_TD0,within_source_pairwise_accuracy_mean,0.5455227743271222,0.32204552709608525,0.769000021558159,0.0625
test,EARLY100_minus_TD0,spearman_discounted_return,0.41068973302240586,0.19360949277664874,0.627769973268163,0.0625
test,EARLY100_minus_TD0,top20_success,0.13699999999999998,-0.030774032740703477,0.30477403274070347,0.0625
test,EARLY100_minus_E2_best_Q,success_pairwise_accuracy,0.511368531030846,0.27868876205980586,0.7440483000018862,0.0625
test,EARLY100_minus_E2_best_Q,within_source_pairwise_accuracy_mean,0.5996631231087752,0.39430493502899117,0.8050213111885594,0.0625
test,EARLY100_minus_E2_best_Q,spearman_discounted_return,0.4775640622331925,0.021851746095157,0.9332763783712279,0.125
test,EARLY100_minus_E2_best_Q,top20_success,0.14400000000000002,-0.19045505339762436,0.4784550533976244,0.125
test,EARLY100_minus_Q0_best_Q,success_pairwise_accuracy,0.494979079497908,0.14925951897626788,0.8406986400195481,0.0625
test,EARLY100_minus_Q0_best_Q,within_source_pairwise_accuracy_mean,0.3694630116260551,0.21988686475312733,0.5190391584989829,0.0625
test,EARLY100_minus_Q0_best_Q,spearman_discounted_return,0.304020540678401,-0.11052545597313984,0.7185665373299419,0.125
test,EARLY100_minus_Q0_best_Q,top20_success,0.156,-0.09238711650041784,0.4043871165004178,0.125
stress,EARLY100_minus_MC,success_pairwise_accuracy,0.5499693839733156,0.5129489132242887,0.5869898547223426,0.0625
stress,EARLY100_minus_MC,within_source_pairwise_accuracy_mean,0.33041837353195586,0.2439537349221416,0.41688301214177015,0.0625
stress,EARLY100_minus_MC,spearman_discounted_return,0.6190497957975186,0.5634678194916467,0.6746317721033905,0.0625
stress,EARLY100_minus_MC,top20_success,0.3530000000000001,0.3109847615777504,0.3950152384222498,0.0625
stress,EARLY100_minus_TD0,success_pairwise_accuracy,0.40835374401778957,0.33975468139008747,0.47695280664549167,0.0625
stress,EARLY100_minus_TD0,within_source_pairwise_accuracy_mean,0.31730630593650344,0.23326248114727083,0.40135013072573605,0.0625
stress,EARLY100_minus_TD0,spearman_discounted_return,0.4722006090207026,0.14862623308724193,0.7957749849541633,0.0625
stress,EARLY100_minus_TD0,top20_success,0.46099999999999997,0.2951437118284689,0.626856288171531,0.0625
stress,EARLY100_minus_E2_best_Q,success_pairwise_accuracy,0.47152105254677,0.35733574229367293,0.5857063627998671,0.0625
stress,EARLY100_minus_E2_best_Q,within_source_pairwise_accuracy_mean,0.3070310721787406,0.2232605455650276,0.3908015987924536,0.0625
stress,EARLY100_minus_E2_best_Q,spearman_discounted_return,0.6643864664052601,0.427380457387908,0.9013924754226122,0.0625
stress,EARLY100_minus_E2_best_Q,top20_success,0.43599999999999994,0.18441362520300536,0.6875863747969946,0.0625
stress,EARLY100_minus_Q0_best_Q,success_pairwise_accuracy,0.24549541565284652,0.09489273986616467,0.39609809143952834,0.0625
stress,EARLY100_minus_Q0_best_Q,within_source_pairwise_accuracy_mean,0.3930728811632627,0.30206020305205405,0.4840855592744714,0.0625
stress,EARLY100_minus_Q0_best_Q,spearman_discounted_return,0.7532173237331563,0.5723263574860031,0.9341082899803095,0.0625
stress,EARLY100_minus_Q0_best_Q,top20_success,0.13799999999999998,-0.002519395002632707,0.2785193950026327,0.0625
