method,seed,updates,validation_mc_mse
TD0,4,0,16.033470153808594
TD0,4,250,15.079195976257324
TD0,4,500,14.462041854858398
TD0,4,750,14.082998275756836
TD0,4,1000,13.663288116455078
TD0,4,1250,13.294151306152344
TD0,4,1500,12.99040412902832
TD0,4,1750,12.678885459899902
TD0,4,2000,12.433276176452637
TD0,4,2250,12.093096733093262
TD0,4,2500,11.857545852661133
TD0,4,2750,11.561163902282715
TD0,4,3000,11.311949729919434
TD0,4,3250,11.007963180541992
TD0,4,3500,10.78221321105957
TD0,4,3750,10.551775932312012
TD0,4,4000,10.276817321777344
