seed,epoch,validation_bce,validation_return_mse,validation_joint_loss
1,0,0.3519521653652191,0.25806739926338196,0.4035656452178955
1,1,0.037790268659591675,0.06046179309487343,0.04988262727856636
1,2,0.01066513266414404,0.0408458411693573,0.0188343008980155
1,3,0.009682289324700832,0.0449494794011116,0.018672185204923156
1,4,0.009187565185129642,0.038590408861637115,0.016905646957457065
1,5,0.008916876278817654,0.042092833667993546,0.017335443012416366
1,6,0.009536086581647396,0.03893842548131943,0.01732377167791128
1,7,0.010331724770367146,0.03911212831735611,0.01815415043383837
1,8,0.011406069621443748,0.03552814573049545,0.01851169876754284
1,9,0.012726333923637867,0.039129000157117844,0.020552133955061436
1,10,0.014142325147986412,0.03967643156647682,0.022077611461281777
1,11,0.014731628820300102,0.03974930942058563,0.02268149070441723
1,12,0.01548913773149252,0.03830071538686752,0.023149280808866024
1,13,0.016502877697348595,0.0399416945874691,0.024491216614842416
1,14,0.01703350618481636,0.03679128736257553,0.024391763657331467
1,15,0.017811384052038193,0.04194796830415726,0.026200977712869646
1,16,0.018667951226234436,0.03592836484313011,0.02585362419486046
