variant,seed,env_steps,probe_transitions,expert_q_mean,expert_q_variance,actor_minus_expert_q,one_step_deterministic_residual_abs,q_gradient_toward_expert_cosine
Q0,0,0,256,-3.379240036010742,0.7219613194465637,-0.00400619488209486,0.7063173651695251,0.13460901379585266
Q0,0,100000,256,1.9610915184020996,0.010109788738191128,0.0002827071584761143,0.05352555587887764,0.041846733540296555
Q0,0,200000,256,2.9058828353881836,0.006340709514915943,0.0003102486953139305,0.08728310465812683,0.1501559466123581
Q0,0,300000,256,2.9006567001342773,0.0053463224321603775,0.0017684204503893852,0.14211946725845337,0.013440003618597984
Q0,0,400000,256,2.3811094760894775,0.0013882496859878302,-0.001285826787352562,0.10191657394170761,0.09917069971561432
Q0,0,500000,256,1.6886487007141113,0.002741122618317604,0.023180002346634865,0.1480480581521988,-0.15655680000782013
Q0,1,0,256,-3.6630992889404297,0.9929416179656982,-0.001470685936510563,1.0110039710998535,0.07447248697280884
Q0,1,100000,256,2.365851879119873,0.005156906321644783,-0.001307324506342411,0.04658765345811844,0.16300219297409058
Q0,1,200000,256,2.9533019065856934,0.017847370356321335,-0.0022245412692427635,0.11592340469360352,0.17065267264842987
Q0,1,300000,256,3.0654139518737793,0.0061904797330498695,0.0033664098009467125,0.10423535853624344,-0.013747649267315865
Q0,1,400000,256,2.5649402141571045,0.0023135864175856113,0.0023695044219493866,0.10049796104431152,0.19646310806274414
Q0,1,500000,256,1.532150387763977,0.0025940772611647844,0.006505714729428291,0.12051891535520554,0.09458500146865845
Q0,2,0,256,-3.5627379417419434,0.9264333248138428,-0.006260917987674475,0.7722951173782349,0.11723195761442184
Q0,2,100000,256,2.0157699584960938,0.019102677702903748,0.0005097328685224056,0.09838318079710007,0.005394729785621166
Q0,2,200000,256,2.8971521854400635,0.005468141753226519,0.0002372870221734047,0.08826926350593567,0.04867987334728241
Q0,2,300000,256,3.0399131774902344,0.002980520250275731,0.002387257292866707,0.0930396169424057,-0.08803136646747589
Q0,2,400000,256,2.2198123931884766,0.0016255545197054744,-0.00013967137783765793,0.11823505163192749,0.010482987388968468
Q0,2,500000,256,1.339848518371582,0.0013372760731726885,0.003124859184026718,0.1259661167860031,0.07750852406024933
Q0,3,0,256,-3.5066254138946533,0.8839021325111389,0.007249975576996803,0.7288244366645813,-0.024230333045125008
Q0,3,100000,256,1.302755355834961,0.006686516106128693,-0.0007411949336528778,0.11949268728494644,0.13822783529758453
Q0,3,200000,256,2.2154054641723633,0.0012027276679873466,-0.0005489811301231384,0.08904533088207245,0.09311725199222565
Q0,3,300000,256,2.5244808197021484,0.0012474358081817627,0.00026843510568141937,0.1456669718027115,-0.1496645212173462
Q0,3,400000,256,1.8913383483886719,0.001401441404595971,0.002499342430382967,0.13526307046413422,-0.180525004863739
Q0,3,500000,256,0.4716097116470337,0.0033756946213543415,0.027962572872638702,0.13774323463439941,-0.23972634971141815
Q0,4,0,256,-3.5293147563934326,0.8032472729682922,-0.012802457436919212,0.801069438457489,0.20464466512203217
Q0,4,100000,256,1.8912127017974854,0.002728645922616124,0.0007624980062246323,0.09336323291063309,-0.0634537935256958
Q0,4,200000,256,3.139070749282837,0.017134249210357666,0.0036552445963025093,0.11571117490530014,-0.024383530020713806
Q0,4,300000,256,2.346219539642334,0.0050167967565357685,0.0020575718954205513,0.09757149964570999,0.01156264916062355
Q0,4,400000,256,1.8052080869674683,0.0005241635954007506,0.017614450305700302,0.10636913031339645,-0.17227058112621307
Q0,4,500000,256,1.2895278930664062,0.000764496682677418,0.004635515157133341,0.1075095683336258,-0.0590948686003685
QGT,0,0,256,-3.379240036010742,0.7219613194465637,-0.00400619488209486,0.7063173651695251,0.13460901379585266
QGT,0,100000,256,0.6203271150588989,0.051935337483882904,0.0009405555319972336,0.04193997010588646,0.06157907843589783
QGT,0,200000,256,1.6515884399414062,0.03072144091129303,-0.00017893454059958458,0.09510911256074905,0.11021949350833893
QGT,0,300000,256,2.008309841156006,0.011134480126202106,0.000647061038762331,0.0803145244717598,-0.03168586641550064
QGT,0,400000,256,1.8281898498535156,0.0058229644782841206,-0.0009569087997078896,0.10949717462062836,0.12265441566705704
QGT,0,500000,256,1.862685203552246,0.009282438084483147,-0.003175375983119011,0.10710345953702927,0.286773681640625
QGT,1,0,256,-3.6630992889404297,0.9929416179656982,-0.001470685936510563,1.0110039710998535,0.07447248697280884
QGT,1,100000,256,1.6477605104446411,0.058587025851011276,0.0025456761941313744,0.06267201900482178,-0.07955051213502884
QGT,1,200000,256,3.1442699432373047,0.003440663916990161,0.00045395083725452423,0.10496241599321365,0.0879698321223259
QGT,1,300000,256,2.6521382331848145,0.001413892605341971,0.0007775295525789261,0.10940960794687271,0.3230428397655487
QGT,1,400000,256,1.9696320295333862,0.0026129307225346565,0.0032151611521840096,0.12059979885816574,0.05222463980317116
QGT,1,500000,256,1.6774530410766602,0.0024203395005315542,-0.0015913615934550762,0.11532898247241974,0.10052669048309326
QGT,2,0,256,-3.5627379417419434,0.9264333248138428,-0.006260917987674475,0.7722951173782349,0.11723195761442184
QGT,2,100000,256,2.518458366394043,0.009213636629283428,-0.00011631101369857788,0.06302367895841599,0.0006761776749044657
QGT,2,200000,256,3.579756021499634,0.010300630703568459,0.0011731460690498352,0.11884317547082901,-0.08970551192760468
QGT,2,300000,256,3.4396309852600098,0.0026843969244509935,0.006339832209050655,0.10564527660608292,-0.23847077786922455
QGT,2,400000,256,2.7652409076690674,0.0028320110868662596,0.0028191739693284035,0.11649726331233978,0.007492864038795233
QGT,2,500000,256,2.026268482208252,0.003340792143717408,-0.013138433918356895,0.0934700220823288,0.33396515250205994
QGT,3,0,256,-3.5066254138946533,0.8839021325111389,0.007249975576996803,0.7288244366645813,-0.024230333045125008
QGT,3,100000,256,1.1880854368209839,0.01131260022521019,0.0009856969118118286,0.14624732732772827,-0.18629145622253418
QGT,3,200000,256,2.7957494258880615,0.00612269900739193,-0.0005891807377338409,0.07009318470954895,0.11599812656641006
QGT,3,300000,256,3.6290478706359863,0.0163080133497715,0.003030025400221348,0.1207490786910057,-0.19932547211647034
QGT,3,400000,256,2.98494291305542,0.004577180836349726,-0.016950950026512146,0.0738447904586792,0.4210222661495209
QGT,3,500000,256,2.0248241424560547,0.007500596344470978,0.015770554542541504,0.12705738842487335,-0.004818066954612732
QGT,4,0,256,-3.5293147563934326,0.8032472729682922,-0.012802457436919212,0.801069438457489,0.20464466512203217
QGT,4,100000,256,1.3468691110610962,0.005693497136235237,0.0016381670720875263,0.08650904893875122,-0.3329002261161804
QGT,4,200000,256,2.907464027404785,0.01319501269608736,0.002461027354001999,0.09652362763881683,-0.23960010707378387
QGT,4,300000,256,3.099975824356079,0.006033460609614849,0.001651695929467678,0.07969167828559875,0.07004892081022263
QGT,4,400000,256,2.025331497192383,0.002844378584995866,-0.0018598241731524467,0.12422692030668259,0.13670991361141205
QGT,4,500000,256,1.3796074390411377,0.003077005734667182,-0.0024181995540857315,0.0637144073843956,0.2043476402759552
QV,0,0,256,-3.379240036010742,0.7219613194465637,-0.00400619488209486,0.7063173651695251,0.13460901379585266
QV,0,100000,256,0.6203271150588989,0.051935337483882904,0.0009405555319972336,0.04193997010588646,0.06157907843589783
QV,0,200000,256,1.6515884399414062,0.03072144091129303,-0.00017893454059958458,0.09510911256074905,0.11021949350833893
QV,0,300000,256,2.008309841156006,0.011134480126202106,0.000647061038762331,0.0803145244717598,-0.03168586641550064
QV,0,400000,256,1.8281898498535156,0.0058229644782841206,-0.0009569087997078896,0.10949717462062836,0.12265441566705704
QV,0,500000,256,1.862685203552246,0.009282438084483147,-0.003175375983119011,0.10710345953702927,0.286773681640625
QV,1,0,256,-3.6630992889404297,0.9929416179656982,-0.001470685936510563,1.0110039710998535,0.07447248697280884
QV,1,100000,256,1.6477605104446411,0.058587025851011276,0.0025456761941313744,0.06267201900482178,-0.07955051213502884
QV,1,200000,256,3.1442699432373047,0.003440663916990161,0.00045395083725452423,0.10496241599321365,0.0879698321223259
QV,1,300000,256,2.6521382331848145,0.001413892605341971,0.0007775295525789261,0.10940960794687271,0.3230428397655487
QV,1,400000,256,1.9696320295333862,0.0026129307225346565,0.0032151611521840096,0.12059979885816574,0.05222463980317116
QV,1,500000,256,1.6774530410766602,0.0024203395005315542,-0.0015913615934550762,0.11532898247241974,0.10052669048309326
QV,2,0,256,-3.5627379417419434,0.9264333248138428,-0.006260917987674475,0.7722951173782349,0.11723195761442184
QV,2,100000,256,2.518458366394043,0.009213636629283428,-0.00011631101369857788,0.06302367895841599,0.0006761776749044657
QV,2,200000,256,3.579756021499634,0.010300630703568459,0.0011731460690498352,0.11884317547082901,-0.08970551192760468
QV,2,300000,256,3.4396309852600098,0.0026843969244509935,0.006339832209050655,0.10564527660608292,-0.23847077786922455
QV,2,400000,256,2.7652409076690674,0.0028320110868662596,0.0028191739693284035,0.11649726331233978,0.007492864038795233
QV,2,500000,256,2.026268482208252,0.003340792143717408,-0.013138433918356895,0.0934700220823288,0.33396515250205994
QV,3,0,256,-3.5066254138946533,0.8839021325111389,0.007249975576996803,0.7288244366645813,-0.024230333045125008
QV,3,100000,256,1.1880854368209839,0.01131260022521019,0.0009856969118118286,0.14624732732772827,-0.18629145622253418
QV,3,200000,256,2.7957494258880615,0.00612269900739193,-0.0005891807377338409,0.07009318470954895,0.11599812656641006
QV,3,300000,256,3.6290478706359863,0.0163080133497715,0.003030025400221348,0.1207490786910057,-0.19932547211647034
QV,3,400000,256,2.98494291305542,0.004577180836349726,-0.016950950026512146,0.0738447904586792,0.4210222661495209
QV,3,500000,256,2.0248241424560547,0.007500596344470978,0.015770554542541504,0.12705738842487335,-0.004818066954612732
QV,4,0,256,-3.5293147563934326,0.8032472729682922,-0.012802457436919212,0.801069438457489,0.20464466512203217
QV,4,100000,256,1.3468691110610962,0.005693497136235237,0.0016381670720875263,0.08650904893875122,-0.3329002261161804
QV,4,200000,256,2.907464027404785,0.01319501269608736,0.002461027354001999,0.09652362763881683,-0.23960010707378387
QV,4,300000,256,3.029994249343872,0.003850442124530673,0.00023730378597974777,0.09080240875482559,0.08451972156763077
QV,4,400000,256,2.012108325958252,0.0022392473183572292,0.004548164084553719,0.13792236149311066,-0.10172147303819656
QV,4,500000,256,1.6060211658477783,0.008403643034398556,0.0018996433354914188,0.08563555777072906,0.20089390873908997
