variant,seed,gpu,exit_code,start_utc,end_utc
E0,0,0,0,2026-09-29T09:49:40Z,2026-09-29T10:06:38Z
E0,1,1,0,2026-09-29T09:49:40Z,2026-09-29T10:07:17Z
E0,2,2,0,2026-09-29T09:49:40Z,2026-09-29T10:07:17Z
E0,3,3,0,2026-09-29T09:49:40Z,2026-09-29T10:07:24Z
E0,4,4,0,2026-09-29T09:49:40Z,2026-09-29T10:07:24Z
E25,0,5,0,2026-09-29T09:49:40Z,2026-09-29T10:07:24Z
E25,1,6,0,2026-09-29T09:49:40Z,2026-09-29T10:07:24Z
E25,2,7,0,2026-09-29T09:49:40Z,2026-09-29T10:07:33Z
E25,3,0,0,2026-09-29T10:07:33Z,2026-09-29T10:25:24Z
E25,4,1,0,2026-09-29T10:07:33Z,2026-09-29T10:25:24Z
E50,0,2,0,2026-09-29T10:07:33Z,2026-09-29T10:25:24Z
E50,1,3,0,2026-09-29T10:07:33Z,2026-09-29T10:25:24Z
E50,2,4,0,2026-09-29T10:07:33Z,2026-09-29T10:25:24Z
E50,3,5,0,2026-09-29T10:07:33Z,2026-09-29T10:25:27Z
E50,4,6,0,2026-09-29T10:07:33Z,2026-09-29T10:25:27Z
E100,0,7,0,2026-09-29T10:07:33Z,2026-09-29T10:25:27Z
E100,1,0,0,2026-09-29T10:25:27Z,2026-09-29T10:42:33Z
E100,2,1,0,2026-09-29T10:25:27Z,2026-09-29T10:42:33Z
E100,3,2,0,2026-09-29T10:25:27Z,2026-09-29T10:42:56Z
E100,4,3,0,2026-09-29T10:25:27Z,2026-09-29T10:42:56Z
E200,0,4,0,2026-09-29T10:25:27Z,2026-09-29T10:43:09Z
E200,1,5,0,2026-09-29T10:25:27Z,2026-09-29T10:43:09Z
E200,2,6,0,2026-09-29T10:25:27Z,2026-09-29T10:43:09Z
E200,3,7,0,2026-09-29T10:25:27Z,2026-09-29T10:43:09Z
E200,4,0,0,2026-09-29T10:43:09Z,2026-09-29T11:01:25Z
E100RB,0,1,0,2026-09-29T10:43:09Z,2026-09-29T11:02:50Z
E100RB,1,2,0,2026-09-29T10:43:09Z,2026-09-29T11:04:03Z
E100RB,2,3,0,2026-09-29T10:43:09Z,2026-09-29T11:04:15Z
E100RB,3,4,0,2026-09-29T10:43:09Z,2026-09-29T11:04:15Z
E100RB,4,5,0,2026-09-29T10:43:09Z,2026-09-29T11:04:15Z
E100M,0,6,0,2026-09-29T10:43:09Z,2026-09-29T11:04:15Z
E100M,1,7,0,2026-09-29T10:43:09Z,2026-09-29T11:04:15Z
E100M,2,0,0,2026-09-29T11:04:15Z,2026-09-29T11:22:22Z
E100M,3,1,0,2026-09-29T11:04:15Z,2026-09-29T11:22:22Z
E100M,4,2,0,2026-09-29T11:04:15Z,2026-09-29T11:22:22Z
Q0,0,3,0,2026-09-29T11:04:15Z,2026-09-29T11:22:22Z
Q0,1,4,0,2026-09-29T11:04:15Z,2026-09-29T11:22:28Z
Q0,2,5,0,2026-09-29T11:04:15Z,2026-09-29T11:22:28Z
Q0,3,6,0,2026-09-29T11:04:15Z,2026-09-29T11:22:58Z
Q0,4,7,0,2026-09-29T11:04:15Z,2026-09-29T11:22:58Z
QGT,0,0,0,2026-09-29T11:22:58Z,2026-09-29T11:47:42Z
QGT,1,1,0,2026-09-29T11:22:58Z,2026-09-29T11:47:42Z
QGT,2,2,0,2026-09-29T11:22:58Z,2026-09-29T11:47:42Z
QGT,3,3,0,2026-09-29T11:22:58Z,2026-09-29T11:47:42Z
QGT,4,4,0,2026-09-29T11:22:58Z,2026-09-29T11:47:42Z
QV,0,5,0,2026-09-29T11:22:58Z,2026-09-29T11:47:42Z
QV,1,6,0,2026-09-29T11:22:58Z,2026-09-29T11:47:42Z
QV,2,7,0,2026-09-29T11:22:58Z,2026-09-29T11:47:42Z
QV,3,0,0,2026-09-29T11:47:42Z,2026-09-29T12:19:39Z
QV,4,1,0,2026-09-29T11:47:42Z,2026-09-29T12:21:02Z
