variant,seed,target_success,first_steps,first_total_interactions,sustained_steps,sustained_total_interactions,ever_reached,sustained_to_500k
E0,0,0.5,40000,136000,,,1,0
E0,0,0.8,180000,534528,,,1,0
E0,0,0.9,180000,534528,,,1,0
E0,1,0.5,160000,486400,,,1,0
E0,1,0.8,160000,486400,,,1,0
E0,1,0.9,160000,486400,,,1,0
E0,2,0.5,20000,77600,,,1,0
E0,2,0.8,40000,136000,,,1,0
E0,2,0.9,40000,136000,,,1,0
E0,3,0.5,40000,136000,,,1,0
E0,3,0.8,40000,136000,,,1,0
E0,3,0.9,40000,136000,,,1,0
E0,4,0.5,30016,106816,440000,1293536,1,1
E0,4,0.8,440000,1293536,500000,1458144,1,1
E0,4,0.9,440000,1293536,,,1,0
E25,0,0.5,40000,136000,,,1,0
E25,0,0.8,40000,136000,,,1,0
E25,0,0.9,40000,136000,,,1,0
E25,1,0.5,80000,252800,,,1,0
E25,1,0.8,80000,252800,,,1,0
E25,1,0.9,220000,651200,,,1,0
E25,2,0.5,30016,106816,,,1,0
E25,2,0.8,440000,1304000,,,1,0
E25,2,0.9,,,,,0,0
E25,3,0.5,80000,252800,,,1,0
E25,3,0.8,80000,252800,,,1,0
E25,3,0.9,80000,252800,,,1,0
E25,4,0.5,140000,428000,470016,1349728,1,1
E25,4,0.8,150016,457216,,,1,0
E25,4,0.9,160000,486400,,,1,0
E50,0,0.5,40000,136000,,,1,0
E50,0,0.8,90016,271584,,,1,0
E50,0,0.9,90016,271584,,,1,0
E50,1,0.5,80000,252800,,,1,0
E50,1,0.8,80000,252800,,,1,0
E50,1,0.9,80000,252800,,,1,0
E50,2,0.5,30016,106816,,,1,0
E50,2,0.8,450016,1333216,,,1,0
E50,2,0.9,450016,1333216,,,1,0
E50,3,0.5,80000,252800,,,1,0
E50,3,0.8,80000,252800,,,1,0
E50,3,0.9,80000,252800,,,1,0
E50,4,0.5,90016,282016,490016,1429248,1,1
E50,4,0.8,130016,398816,500000,1458432,1,1
E50,4,0.9,210016,632416,500000,1458432,1,1
E100,0,0.5,40000,136000,,,1,0
E100,0,0.8,150016,446656,,,1,0
E100,0,0.9,150016,446656,,,1,0
E100,1,0.5,80000,252800,500000,1468896,1,1
E100,1,0.8,80000,252800,,,1,0
E100,1,0.9,460000,1352096,,,1,0
E100,2,0.5,30016,106816,,,1,0
E100,2,0.8,110016,340416,,,1,0
E100,2,0.9,,,,,0,0
E100,3,0.5,80000,252800,500000,1458688,1,1
E100,3,0.8,80000,252800,500000,1458688,1,1
E100,3,0.9,80000,252800,500000,1458688,1,1
E100,4,0.5,140000,418496,,,1,0
E100,4,0.8,140000,418496,,,1,0
E100,4,0.9,140000,418496,,,1,0
E200,0,0.5,40000,136000,,,1,0
E200,0,0.8,120000,369600,,,1,0
E200,0,0.9,120000,369600,,,1,0
E200,1,0.5,80000,252800,,,1,0
E200,1,0.8,80000,252800,,,1,0
E200,1,0.9,270016,797184,,,1,0
E200,2,0.5,30016,106816,,,1,0
E200,2,0.8,,,,,0,0
E200,2,0.9,,,,,0,0
E200,3,0.5,80000,252800,490016,1439552,1,1
E200,3,0.8,80000,252800,490016,1439552,1,1
E200,3,0.9,80000,252800,500000,1468736,1,1
E200,4,0.5,130016,398816,500000,1479200,1,1
E200,4,0.8,140000,428000,500000,1479200,1,1
E200,4,0.9,440000,1304000,500000,1479200,1,1
E100RB,0,0.5,40000,136000,,,1,0
E100RB,0,0.8,190016,708416,,,1,0
E100RB,0,0.9,190016,708416,,,1,0
E100RB,1,0.5,80000,252800,500000,1882400,1,1
E100RB,1,0.8,80000,252800,500000,1882400,1,1
E100RB,1,0.9,200000,718400,,,1,0
E100RB,2,0.5,30016,106816,460000,1708000,1,1
E100RB,2,0.8,340000,1261600,500000,1863200,1,1
E100RB,2,0.9,340000,1261600,500000,1863200,1,1
E100RB,3,0.5,80000,252800,,,1,0
E100RB,3,0.8,80000,252800,,,1,0
E100RB,3,0.9,80000,252800,,,1,0
E100RB,4,0.5,140000,418496,,,1,0
E100RB,4,0.8,140000,418496,,,1,0
E100RB,4,0.9,140000,418496,,,1,0
E100R1,0,0.5,40000,136000,40000,136000,1,1
E100R1,0,0.8,,,,,0,0
E100R1,0,0.9,,,,,0,0
E100R1,1,0.5,80000,252800,80000,252800,1,1
E100R1,1,0.8,80000,252800,490016,2198816,1,1
E100R1,1,0.9,130016,494816,,,1,0
E100R1,2,0.5,30016,106816,30016,106816,1,1
E100R1,2,0.8,90016,397216,,,1,0
E100R1,2,0.9,,,,,0,0
E100R1,3,0.5,80000,252800,80000,252800,1,1
E100R1,3,0.8,80000,252800,360000,1588800,1,1
E100R1,3,0.9,80000,252800,360000,1588800,1,1
E100R1,4,0.5,140000,418496,140000,418496,1,1
E100R1,4,0.8,140000,418496,140000,418496,1,1
E100R1,4,0.9,140000,418496,170016,525504,1,1
E100M,0,0.5,40000,136000,430016,1274816,1,1
E100M,0,0.8,40000,136000,,,1,0
E100M,0,0.9,40000,136000,,,1,0
E100M,1,0.5,250016,749216,,,1,0
E100M,1,0.8,,,,,0,0
E100M,1,0.9,,,,,0,0
E100M,2,0.5,80000,252800,,,1,0
E100M,2,0.8,90016,282016,,,1,0
E100M,2,0.9,90016,282016,,,1,0
E100M,3,0.5,90016,282016,,,1,0
E100M,3,0.8,,,,,0,0
E100M,3,0.9,,,,,0,0
E100M,4,0.5,110016,340416,,,1,0
E100M,4,0.8,110016,340416,,,1,0
E100M,4,0.9,220000,661600,,,1,0
Q0,0,0.5,30016,98208,,,1,0
Q0,0,0.8,30016,98208,,,1,0
Q0,0,0.9,30016,98208,,,1,0
Q0,1,0.5,60000,194400,,,1,0
Q0,1,0.8,90016,282016,,,1,0
Q0,1,0.9,130016,398816,,,1,0
Q0,2,0.5,20000,77600,,,1,0
Q0,2,0.8,20000,77600,,,1,0
Q0,2,0.9,20000,77600,,,1,0
Q0,3,0.5,,,,,0,0
Q0,3,0.8,,,,,0,0
Q0,3,0.9,,,,,0,0
Q0,4,0.5,30016,106816,,,1,0
Q0,4,0.8,30016,106816,,,1,0
Q0,4,0.9,30016,106816,,,1,0
QGT,0,0.5,40000,136000,,,1,0
QGT,0,0.8,80000,252800,,,1,0
QGT,0,0.9,80000,252800,,,1,0
QGT,1,0.5,60000,194400,,,1,0
QGT,1,0.8,60000,194400,,,1,0
QGT,1,0.9,,,,,0,0
QGT,2,0.5,20000,77600,,,1,0
QGT,2,0.8,,,,,0,0
QGT,2,0.9,,,,,0,0
QGT,3,0.5,40000,136000,,,1,0
QGT,3,0.8,,,,,0,0
QGT,3,0.9,,,,,0,0
QGT,4,0.5,,,,,0,0
QGT,4,0.8,,,,,0,0
QGT,4,0.9,,,,,0,0
QV,0,0.5,40000,136000,,,1,0
QV,0,0.8,80000,252800,,,1,0
QV,0,0.9,80000,252800,,,1,0
QV,1,0.5,60000,194400,,,1,0
QV,1,0.8,60000,194400,,,1,0
QV,1,0.9,,,,,0,0
QV,2,0.5,20000,77600,,,1,0
QV,2,0.8,,,,,0,0
QV,2,0.9,,,,,0,0
QV,3,0.5,40000,136000,,,1,0
QV,3,0.8,,,,,0,0
QV,3,0.9,,,,,0,0
QV,4,0.5,,,,,0,0
QV,4,0.8,,,,,0,0
QV,4,0.9,,,,,0,0
