variant,seed,complete_episodes,rank_rho_all,rank_rho_last256,last256_success_rate,sampling_ess_fraction,min_sampling_weight,max_sampling_weight
Q0,0,832,-0.0956680575590414,-0.21988155184252686,0.00390625,1.0,1.0,1.0
Q0,1,832,-0.2495717392761048,-0.18283216983291367,0.0,1.0,1.0,1.0
Q0,2,832,-0.33003687451098185,-0.14550812542915995,0.0,1.0,1.0,1.0
Q0,3,832,-0.12850799164431115,-0.2950389105058365,0.0,1.0,1.0,1.0
Q0,4,832,-0.10176265729840951,0.003382495994506751,0.0,1.0,1.0,1.0
QGT,0,832,-0.15968618077611496,-0.006035420004577705,0.0,1.0,1.0,1.0
QGT,1,832,-0.17420804061696882,-0.21945453765163653,0.0,1.0,1.0,1.0
QGT,2,832,-0.14803983937368337,-0.1175848306248569,0.0,1.0,1.0,1.0
QGT,3,832,-0.2673847308987466,-0.08746709773403524,0.0,1.0,1.0,1.0
QGT,4,832,-0.1331895643567063,-0.03278424696726939,0.0,1.0,1.0,1.0
QV,0,832,-0.15968618077611496,-0.006035420004577705,0.0,1.0,1.0,1.0
QV,1,832,-0.17420804061696882,-0.21945453765163653,0.0,1.0,1.0,1.0
QV,2,832,-0.14803983937368337,-0.1175848306248569,0.0,1.0,1.0,1.0
QV,3,832,-0.2673847308987466,-0.08746709773403524,0.0,1.0,1.0,1.0
QV,4,832,-0.2015950159569521,-0.2600795376516365,0.0,1.0,1.0,1.0
