variant,seed,success_threshold,train_env_steps,retained_from_train_steps,total_interactions_including_evaluation,total_interactions_including_conditioning_and_evaluation,wall_time_s
A,0,0.5,60000,,275040,583296,168.09722001105547
A,0,0.8,60000,,275040,583296,168.09722001105547
A,0,0.9,60000,,275040,583296,168.09722001105547
A,1,0.5,30016,,145920,454176,89.88604614511132
A,1,0.8,30016,,145920,454176,89.88604614511132
A,1,0.9,30016,,145920,454176,89.88604614511132
A,2,0.5,,,,,
A,2,0.8,,,,,
A,2,0.9,,,,,
A,3,0.5,90016,,386272,694528,232.3010183707811
A,3,0.8,90016,,386272,694528,232.3010183707811
A,3,0.9,90016,,386272,694528,232.3010183707811
A,4,0.5,120000,,519360,827616,299.56919331196696
A,4,0.8,120000,,519360,827616,299.56919331196696
A,4,0.9,120000,,519360,827616,299.56919331196696
A,5,0.5,40000,,182976,491232,109.55631297081709
A,5,0.8,40000,,182976,491232,109.55631297081709
A,5,0.9,40000,,182976,491232,109.55631297081709
A,6,0.5,30016,120000,145472,453728,89.4255074239336
A,6,0.8,30016,120000,145472,453728,89.4255074239336
A,6,0.9,30016,,145472,453728,89.4255074239336
A,7,0.5,,,,,
A,7,0.8,,,,,
A,7,0.9,,,,,
B,0,0.5,40000,,188032,496288,114.85126462671906
B,0,0.8,40000,,188032,496288,114.85126462671906
B,0,0.9,40000,,188032,496288,114.85126462671906
B,1,0.5,20000,170016,105888,414144,71.69672676268965
B,1,0.8,20000,170016,105888,414144,71.69672676268965
B,1,0.9,20000,170016,105888,414144,71.69672676268965
B,2,0.5,50016,,225120,533376,127.12585469800979
B,2,0.8,50016,,225120,533376,127.12585469800979
B,2,0.9,50016,,225120,533376,127.12585469800979
B,3,0.5,60000,,275040,583296,165.85811255592853
B,3,0.8,,,,,
B,3,0.9,,,,,
B,4,0.5,80000,,347136,655392,207.6774008772336
B,4,0.8,80000,,347136,655392,207.6774008772336
B,4,0.9,80000,,347136,655392,207.6774008772336
B,5,0.5,20000,,105696,413952,66.50921421824023
B,5,0.8,20000,,105696,413952,66.50921421824023
B,5,0.9,20000,,105696,413952,66.50921421824023
B,6,0.5,50016,,234336,542592,137.12329097883776
B,6,0.8,70016,,306816,615072,179.8699348079972
B,6,0.9,70016,,306816,615072,179.8699348079972
B,7,0.5,90016,,386528,694784,219.76466837292537
B,7,0.8,90016,,386528,694784,219.76466837292537
B,7,0.9,90016,,386528,694784,219.76466837292537
C,0,0.5,0,,30720,338976,27.840662600006908
C,0,0.8,,,,,
C,0,0.9,,,,,
C,1,0.5,30016,170016,148224,456480,93.33047674503177
C,1,0.8,30016,170016,148224,456480,93.33047674503177
C,1,0.9,30016,170016,148224,456480,93.33047674503177
C,2,0.5,50016,,234336,542592,140.34800592204556
C,2,0.8,60000,,265440,573696,158.8506370652467
C,2,0.9,60000,,265440,573696,158.8506370652467
C,3,0.5,0,,30720,338976,26.737290870398283
C,3,0.8,70016,,305984,614240,184.5340915513225
C,3,0.9,70016,,305984,614240,184.5340915513225
C,4,0.5,20000,,105824,414080,74.72149611730129
C,4,0.8,20000,,105824,414080,74.72149611730129
C,4,0.9,20000,,105824,414080,74.72149611730129
C,5,0.5,60000,,275040,583296,173.42076155915856
C,5,0.8,60000,,275040,583296,173.42076155915856
C,5,0.9,60000,,275040,583296,173.42076155915856
C,6,0.5,0,,30720,338976,26.55038473708555
C,6,0.8,0,,30720,338976,26.55038473708555
C,6,0.9,0,,30720,338976,26.55038473708555
C,7,0.5,80000,150016,346176,654432,199.13068152125925
C,7,0.8,80000,150016,346176,654432,199.13068152125925
C,7,0.9,80000,150016,346176,654432,199.13068152125925
