env_steps,env_index,max_angle,final_angle,cumulative_increase,regression_amount,progress,success,regression_event,stalled,lost_contact,episode_steps,return_value,source,first_policy_version,last_policy_version
57600,0,0.0004983924445696175,7.913876665099906e-09,0.0005127895274199545,0.0005127817275933921,7.913876665099906e-09,0.0,0.0,1.0,1.0,600,1.6237828731536865,fresh_online_exploration,0,3
57600,1,2.035928628174588e-05,3.112725607934408e-06,5.271569898468442e-05,4.960297519573942e-05,3.112725607934408e-06,0.0,0.0,1.0,1.0,600,1.6498134136199951,fresh_online_exploration,0,3
57600,2,3.1497813324676827e-05,7.913876665099906e-09,4.35776928497944e-05,4.356974386610091e-05,7.913876665099906e-09,0.0,0.0,1.0,1.0,600,1.7704131603240967,fresh_online_exploration,0,3
57600,3,0.0001852297136792913,7.913876665099906e-09,0.0001922368537634611,0.00019222893752157688,7.913876665099906e-09,0.0,0.0,1.0,1.0,600,2.0893423557281494,fresh_online_exploration,0,3
57600,4,7.946390212509868e-09,7.913876665099906e-09,7.491327778552659e-06,7.483412446163129e-06,7.913876665099906e-09,0.0,0.0,1.0,1.0,600,1.3664419651031494,fresh_online_exploration,0,3
57600,5,0.00031570668215863407,7.913872224207807e-09,0.00032960023963823915,0.0003295923233963549,7.913872224207807e-09,0.0,0.0,1.0,1.0,600,1.1734362840652466,fresh_online_exploration,0,3
57600,6,0.0005391385639086366,-3.1527347399418204e-10,0.0006109246169216931,0.0006109248497523367,0.0,0.0,0.0,1.0,1.0,600,2.574700355529785,fresh_online_exploration,0,3
57600,7,0.00017328030662611127,7.913876665099906e-09,0.00018032094521913677,0.00018031302897725254,7.913876665099906e-09,0.0,0.0,1.0,1.0,600,1.670480489730835,fresh_online_exploration,0,3
57600,8,0.0001538693904876709,7.913876665099906e-09,0.00029612649814225733,0.0002961185236927122,7.913876665099906e-09,0.0,0.0,1.0,1.0,600,1.7346868515014648,fresh_online_exploration,0,3
57600,9,0.000528984353877604,7.913869559672548e-09,0.0008937738020904362,0.0008937661186791956,7.913869559672548e-09,0.0,0.0,1.0,1.0,600,1.7869608402252197,fresh_online_exploration,0,3
57600,10,0.013894402422010899,3.2552782691652737e-09,0.017603008076548576,0.01760302297770977,3.2552782691652737e-09,0.0,0.0,1.0,1.0,600,1.7670822143554688,fresh_online_exploration,0,3
57600,11,5.001892873224278e-07,7.913870447850968e-09,6.899500476720277e-06,6.891588327562204e-06,7.913870447850968e-09,0.0,0.0,1.0,1.0,600,1.1192739009857178,fresh_online_exploration,0,3
57600,12,0.0072250571101903915,6.510277650306762e-09,0.007987850345671177,0.007987845689058304,6.510277650306762e-09,0.0,0.0,1.0,1.0,600,2.2156338691711426,fresh_online_exploration,0,3
57600,13,0.0003986951778642833,6.286056564164255e-09,0.0004528217832557857,0.00045281529310159385,6.286056564164255e-09,0.0,0.0,1.0,1.0,600,1.5278743505477905,fresh_online_exploration,0,3
57600,14,0.00025691985501907766,7.913876665099906e-09,0.00026703247567638755,0.0002670244430191815,7.913876665099906e-09,0.0,0.0,1.0,1.0,600,1.5391312837600708,fresh_online_exploration,0,3
57600,15,0.000372560927644372,7.913868671494129e-09,0.00037946447264403105,0.0003794565855059773,7.913868671494129e-09,0.0,0.0,1.0,1.0,600,1.4932559728622437,fresh_online_exploration,0,3
57600,16,0.0007262620492838323,7.913876665099906e-09,0.0007433947757817805,0.0007433871505782008,7.913876665099906e-09,0.0,0.0,1.0,1.0,600,2.040438413619995,fresh_online_exploration,0,3
57600,17,0.00025274298968724906,7.913876665099906e-09,0.0002596349804662168,0.00025962700601667166,7.913876665099906e-09,0.0,0.0,1.0,1.0,600,1.3653265237808228,fresh_online_exploration,0,3
57600,18,0.000945008359849453,7.913875776921486e-09,0.000961166457273066,0.0009611586574465036,7.913875776921486e-09,0.0,0.0,1.0,1.0,600,1.4179219007492065,fresh_online_exploration,0,3
57600,19,1.1527072274475358e-07,7.913876665099906e-09,9.390983905177563e-06,9.383074029756244e-06,7.913876665099906e-09,0.0,0.0,1.0,1.0,600,1.8639109134674072,fresh_online_exploration,0,3
57600,20,4.335821358836256e-05,7.913876665099906e-09,5.949925252934918e-05,5.9491299907676876e-05,7.913876665099906e-09,0.0,0.0,1.0,1.0,600,2.0357117652893066,fresh_online_exploration,0,3
57600,21,4.186901776392915e-07,7.913869559672548e-09,1.0131454473594204e-05,1.0123530955752358e-05,7.913869559672548e-09,0.0,0.0,1.0,1.0,600,1.6041101217269897,fresh_online_exploration,0,3
57600,22,5.804890861327294e-06,7.913868671494129e-09,1.568784864502959e-05,1.567992876516655e-05,7.913868671494129e-09,0.0,0.0,1.0,1.0,600,2.0492568016052246,fresh_online_exploration,0,3
57600,23,5.354144377633929e-06,7.913875776921486e-09,1.594119385117665e-05,1.5933277609292418e-05,7.913875776921486e-09,0.0,0.0,1.0,1.0,600,1.5074135065078735,fresh_online_exploration,0,3
57600,24,0.0008568988414481282,7.913876665099906e-09,0.0008662427426315844,0.0008662350592203438,7.913876665099906e-09,0.0,0.0,1.0,1.0,600,2.7146763801574707,fresh_online_exploration,0,3
57600,25,4.268068096280331e-06,7.913876665099906e-09,1.4111908058112022e-05,1.4103997273196e-05,7.913876665099906e-09,0.0,0.0,1.0,1.0,600,1.7949140071868896,fresh_online_exploration,0,3
57600,26,0.0013637570664286613,7.663059520268689e-09,0.0013730962527915835,0.0013730884529650211,7.663059520268689e-09,0.0,0.0,1.0,1.0,600,1.9487602710723877,fresh_online_exploration,0,3
57600,27,3.7474794680747436e-06,7.913874888743067e-09,1.375627198285656e-05,1.3748354831477627e-05,7.913874888743067e-09,0.0,0.0,1.0,1.0,600,1.135460376739502,fresh_online_exploration,0,3
57600,28,4.544626335700741e-06,7.913876665099906e-09,1.5047585293359589e-05,1.5039673598948866e-05,7.913876665099906e-09,0.0,0.0,1.0,1.0,600,1.8039970397949219,fresh_online_exploration,0,3
57600,29,0.00020569413027260453,7.913876665099906e-09,0.00022052654821891338,0.00022051867563277483,7.913876665099906e-09,0.0,0.0,1.0,1.0,600,1.7893171310424805,fresh_online_exploration,0,3
57600,30,5.606643298960989e-06,7.913876665099906e-09,1.4816226212133188e-05,1.4808315427217167e-05,7.913876665099906e-09,0.0,0.0,1.0,1.0,600,1.1769534349441528,fresh_online_exploration,0,3
57600,31,0.0002806395059451461,7.913876665099906e-09,0.00028976998873986304,0.0002897620142903179,7.913876665099906e-09,0.0,0.0,1.0,1.0,600,1.3654942512512207,fresh_online_exploration,0,3
57600,32,8.593920028943103e-06,7.913876665099906e-09,1.5217209693219047e-05,1.5209299817797728e-05,7.913876665099906e-09,0.0,0.0,1.0,1.0,600,1.8881710767745972,fresh_online_exploration,0,3
57600,33,0.007378080394119024,7.913874000564647e-09,0.01342673972249031,0.013426744379103184,7.913874000564647e-09,0.0,0.0,1.0,1.0,600,1.6807388067245483,fresh_online_exploration,0,3
57600,34,7.946394653401967e-09,7.913875776921486e-09,7.324698344746139e-06,7.316780738619855e-06,7.913875776921486e-09,0.0,0.0,1.0,1.0,600,1.7978131771087646,fresh_online_exploration,0,3
57600,35,0.0017655931878834963,7.929958023566996e-09,0.0033291964791715145,0.003329189959913492,7.929958023566996e-09,0.0,0.0,1.0,1.0,600,3.227494478225708,fresh_online_exploration,0,3
57600,36,1.213599716720637e-05,7.913875776921486e-09,2.6279178200638853e-05,2.627126559673343e-05,7.913875776921486e-09,0.0,0.0,1.0,1.0,600,1.928328275680542,fresh_online_exploration,0,3
57600,37,0.00015217179316096008,7.913875776921486e-09,0.00016524230886716396,0.0001652344362810254,7.913875776921486e-09,0.0,0.0,1.0,1.0,600,1.8788228034973145,fresh_online_exploration,0,3
57600,38,0.0010652596829459071,7.913875776921486e-09,0.0011254133423790336,0.0011254057753831148,7.913875776921486e-09,0.0,0.0,1.0,1.0,600,1.8033390045166016,fresh_online_exploration,0,3
57600,39,5.927727215748746e-06,7.913875776921486e-09,1.3008400856051594e-05,1.3000485523662064e-05,7.913875776921486e-09,0.0,0.0,1.0,1.0,600,1.6597232818603516,fresh_online_exploration,0,3
57600,40,0.001572001725435257,7.913875776921486e-09,0.0023814442101866007,0.0023814367596060038,7.913875776921486e-09,0.0,0.0,1.0,1.0,600,2.4439332485198975,fresh_online_exploration,0,3
57600,41,8.357875231013168e-06,7.913875776921486e-09,1.6411588148912415e-05,1.6403673726017587e-05,7.913875776921486e-09,0.0,0.0,1.0,1.0,600,1.2729648351669312,fresh_online_exploration,0,3
57600,42,0.0043494803830981255,8.174206595867872e-05,0.005881498102098703,0.005799752194434404,8.174206595867872e-05,0.0,0.0,1.0,1.0,600,2.1457161903381348,fresh_online_exploration,0,3
57600,43,0.0005149153876118362,7.913875776921486e-09,0.000521888374350965,0.0005218805745244026,7.913875776921486e-09,0.0,0.0,1.0,1.0,600,1.4485892057418823,fresh_online_exploration,0,3
57600,44,7.680942871957086e-06,7.913868671494129e-09,1.463388525735354e-05,1.4625971743953414e-05,7.913868671494129e-09,0.0,0.0,1.0,1.0,600,1.987355351448059,fresh_online_exploration,0,3
57600,45,1.4216593058336002e-07,7.913876665099906e-09,7.10893527866574e-06,7.101019491528859e-06,7.913876665099906e-09,0.0,0.0,1.0,1.0,600,1.305371642112732,fresh_online_exploration,0,3
57600,46,3.680363079183735e-05,7.913876665099906e-09,4.7285211621783674e-05,4.727725172415376e-05,7.913876665099906e-09,0.0,0.0,1.0,1.0,600,1.9231536388397217,fresh_online_exploration,0,3
57600,47,5.052700657870446e-08,7.913876665099906e-09,7.004774488450494e-06,6.996859610808315e-06,7.913876665099906e-09,0.0,0.0,1.0,1.0,600,1.7185848951339722,fresh_online_exploration,0,3
57600,48,6.675275926681934e-06,7.913868671494129e-09,1.4269740859162994e-05,1.4261827345762867e-05,7.913868671494129e-09,0.0,0.0,1.0,1.0,600,1.695751667022705,fresh_online_exploration,0,3
57600,49,1.825926005949441e-07,7.913869559672548e-09,7.4176591624564026e-06,7.409745194308925e-06,7.913869559672548e-09,0.0,0.0,1.0,1.0,600,1.6166177988052368,fresh_online_exploration,0,3
57600,50,5.6121020861610305e-06,7.913876665099906e-09,1.2276221241336316e-05,1.2268304999452084e-05,7.913876665099906e-09,0.0,0.0,1.0,1.0,600,1.9850603342056274,fresh_online_exploration,0,3
57600,51,0.0007182078552432358,7.913875776921486e-09,0.0007263910374604166,0.000726383354049176,7.913875776921486e-09,0.0,0.0,1.0,1.0,600,1.455216646194458,fresh_online_exploration,0,3
57600,52,1.4061201625281683e-07,7.913876665099906e-09,7.97498614701908e-06,7.967074452608358e-06,7.913876665099906e-09,0.0,0.0,1.0,1.0,600,1.8918790817260742,fresh_online_exploration,0,3
57600,53,0.03699164837598801,6.3010898720960995e-09,0.04658171534538269,0.046581730246543884,6.3010898720960995e-09,0.0,0.0,1.0,1.0,600,3.1263389587402344,fresh_online_exploration,0,3
57600,54,7.069663297443185e-06,7.913876665099906e-09,1.4302532690635417e-05,1.4294618267740589e-05,7.913876665099906e-09,0.0,0.0,1.0,1.0,600,1.4671350717544556,fresh_online_exploration,0,3
57600,55,6.518200279970188e-06,7.913876665099906e-09,1.3669628970092162e-05,1.3661709999723826e-05,7.913876665099906e-09,0.0,0.0,1.0,1.0,600,1.2470123767852783,fresh_online_exploration,0,3
57600,56,0.002475875662639737,7.913875776921486e-09,0.0024822810664772987,0.002482272684574127,7.913875776921486e-09,0.0,0.0,1.0,1.0,600,1.965718388557434,fresh_online_exploration,0,3
57600,57,1.3452524427748358e-08,7.913876665099906e-09,6.764483714505332e-06,6.756568836863153e-06,7.913876665099906e-09,0.0,0.0,1.0,1.0,600,1.3748116493225098,fresh_online_exploration,0,3
57600,58,0.0002456320507917553,6.09257577721678e-09,0.0005015055648982525,0.0005014995695091784,6.09257577721678e-09,0.0,0.0,1.0,1.0,600,2.6398260593414307,fresh_online_exploration,0,3
57600,59,6.533219220727915e-06,7.913875776921486e-09,1.3622178812511265e-05,1.3614269846584648e-05,7.913875776921486e-09,0.0,0.0,1.0,1.0,600,2.0075130462646484,fresh_online_exploration,0,3
57600,60,1.4098781093707657e-06,7.913874888743067e-09,7.956163244671188e-06,7.948245183797553e-06,7.913874888743067e-09,0.0,0.0,1.0,1.0,600,1.3765760660171509,fresh_online_exploration,0,3
57600,61,7.1964054768614005e-06,7.913867783315709e-09,1.4207845197233837e-05,1.4199935321812518e-05,7.913867783315709e-09,0.0,0.0,1.0,1.0,600,1.9258793592453003,fresh_online_exploration,0,3
57600,62,1.4315852467916557e-06,7.913875776921486e-09,8.69327413965948e-06,8.685362445248757e-06,7.913875776921486e-09,0.0,0.0,1.0,1.0,600,1.011230707168579,fresh_online_exploration,0,3
57600,63,0.0059205773286521435,2.5117845581235088e-08,0.006965672597289085,0.006965647451579571,2.5117845581235088e-08,0.0,0.0,1.0,1.0,600,3.185722589492798,fresh_online_exploration,0,3
57600,64,0.0005717485910281539,7.913875776921486e-09,0.0006507813232019544,0.0006507732323370874,7.913875776921486e-09,0.0,0.0,1.0,1.0,600,1.5506203174591064,fresh_online_exploration,0,3
57600,65,0.0004084926622454077,7.913875776921486e-09,0.0004153996123932302,0.00041539169615134597,7.913875776921486e-09,0.0,0.0,1.0,1.0,600,1.7949507236480713,fresh_online_exploration,0,3
57600,66,8.40634402266005e-06,7.913867783315709e-09,1.631900158827193e-05,1.6311081708408892e-05,7.913867783315709e-09,0.0,0.0,1.0,1.0,600,1.31206476688385,fresh_online_exploration,0,3
57600,67,0.0008328793337568641,7.86333753666213e-09,0.001333486521616578,0.0013334786053746939,7.86333753666213e-09,0.0,0.0,1.0,1.0,600,1.9404863119125366,fresh_online_exploration,0,3
57600,68,2.291086275363341e-05,7.913875776921486e-09,3.660659058368765e-05,3.659864159999415e-05,7.913875776921486e-09,0.0,0.0,1.0,1.0,600,1.6521040201187134,fresh_online_exploration,0,3
57600,69,7.946390212509868e-09,7.913875776921486e-09,6.779018804081716e-06,6.771103926439537e-06,7.913875776921486e-09,0.0,0.0,1.0,1.0,600,1.1667461395263672,fresh_online_exploration,0,3
57600,70,1.9504907911027658e-08,7.913877553278326e-09,6.844290965091204e-06,6.836376996943727e-06,7.913877553278326e-09,0.0,0.0,1.0,1.0,600,2.004589080810547,fresh_online_exploration,0,3
57600,71,0.004484762903302908,7.943326885140323e-09,0.00978800654411316,0.00978800654411316,7.943326885140323e-09,0.0,0.0,1.0,1.0,600,1.8296295404434204,fresh_online_exploration,0,3
57600,72,7.477935923816403e-06,7.913876665099906e-09,1.4994336197560187e-05,1.4986425412644166e-05,7.913876665099906e-09,0.0,0.0,1.0,1.0,600,1.242462158203125,fresh_online_exploration,0,3
57600,73,1.0869614015973639e-05,7.913868671494129e-09,1.7561369531904347e-05,1.755346056597773e-05,7.913868671494129e-09,0.0,0.0,1.0,1.0,600,1.6087578535079956,fresh_online_exploration,0,3
57600,74,8.007595475589824e-09,7.913877553278326e-09,7.008506145211868e-06,7.0005935413064435e-06,7.913877553278326e-09,0.0,0.0,1.0,1.0,600,1.4487791061401367,fresh_online_exploration,0,3
57600,75,5.3799176384927705e-06,7.913875776921486e-09,1.2053820682922378e-05,1.2045903531543445e-05,7.913875776921486e-09,0.0,0.0,1.0,1.0,600,1.3437097072601318,fresh_online_exploration,0,3
57600,76,1.271084837384251e-08,7.913873112386227e-09,6.924537956365384e-06,6.916624442965258e-06,7.913873112386227e-09,0.0,0.0,1.0,1.0,600,1.5217068195343018,fresh_online_exploration,0,3
57600,77,0.00033447815803810954,7.913875776921486e-09,0.0003545682702679187,0.0003545603540260345,7.913875776921486e-09,0.0,0.0,1.0,1.0,600,1.443534255027771,fresh_online_exploration,0,3
57600,78,0.021771494299173355,7.913875776921486e-09,0.021778341382741928,0.021778341382741928,7.913875776921486e-09,0.0,0.0,1.0,1.0,600,1.7163785696029663,fresh_online_exploration,0,3
57600,79,0.00163880770560354,7.913875776921486e-09,0.001645594951696694,0.0016455872682854533,7.913875776921486e-09,0.0,0.0,1.0,1.0,600,1.6952005624771118,fresh_online_exploration,0,3
57600,80,0.0017170063219964504,7.913876665099906e-09,0.0017240970628336072,0.0017240892630070448,7.913876665099906e-09,0.0,0.0,1.0,1.0,600,1.9899083375930786,fresh_online_exploration,0,3
57600,81,0.00038971350295469165,7.913876665099906e-09,0.0006274485494941473,0.000627440691459924,7.913876665099906e-09,0.0,0.0,1.0,1.0,600,1.5480542182922363,fresh_online_exploration,0,3
57600,82,7.94641596968404e-09,7.913875776921486e-09,8.203946890716907e-06,8.196030648832675e-06,7.913875776921486e-09,0.0,0.0,1.0,1.0,600,1.4398261308670044,fresh_online_exploration,0,3
57600,83,0.1361265629529953,7.913872224207807e-09,0.1418887823820114,0.14188876748085022,7.913872224207807e-09,0.0,1.0,1.0,1.0,600,1.7933831214904785,fresh_online_exploration,0,3
57600,84,0.0017519056564196944,6.696573517928073e-09,0.0017984408186748624,0.0017984345322474837,6.696573517928073e-09,0.0,0.0,1.0,1.0,600,2.2618675231933594,fresh_online_exploration,0,3
57600,85,0.003884613746777177,0.0015881368890404701,0.007135218009352684,0.005547082982957363,0.0015881368890404701,0.0,0.0,1.0,1.0,600,2.0974249839782715,fresh_online_exploration,0,3
57600,86,0.000668746477458626,8.205324419918725e-09,0.0006870651268400252,0.0006870573852211237,8.205324419918725e-09,0.0,0.0,1.0,1.0,600,2.0372605323791504,fresh_online_exploration,0,3
57600,87,1.7238055534107843e-06,7.913876665099906e-09,1.1042118785553612e-05,1.1034198905690573e-05,7.913876665099906e-09,0.0,0.0,1.0,1.0,600,1.2590709924697876,fresh_online_exploration,0,3
57600,88,1.1817509175671148e-06,7.913874888743067e-09,1.018635794025613e-05,1.017843715089839e-05,7.913874888743067e-09,0.0,0.0,1.0,1.0,600,1.24159574508667,fresh_online_exploration,0,3
57600,89,6.7902860791946296e-06,7.913876665099906e-09,1.6090805729618296e-05,1.608289312571287e-05,7.913876665099906e-09,0.0,0.0,1.0,1.0,600,1.0967906713485718,fresh_online_exploration,0,3
57600,90,0.0012584016658365726,7.913875776921486e-09,0.001267663319595158,0.0012676557525992393,7.913875776921486e-09,0.0,0.0,1.0,1.0,600,1.6031814813613892,fresh_online_exploration,0,3
57600,91,0.0003470473748166114,0.0003470473748166114,0.0006422987207770348,0.0002952514623757452,0.0003470473748166114,0.0,0.0,1.0,1.0,600,1.562997579574585,fresh_online_exploration,0,3
57600,92,0.0006546879885718226,7.913875776921486e-09,0.0006652660667896271,0.0006652582669630647,7.913875776921486e-09,0.0,0.0,1.0,1.0,600,1.5152896642684937,fresh_online_exploration,0,3
57600,93,1.150007733485836e-06,7.913874000564647e-09,1.1062862540711649e-05,1.1054950846300926e-05,7.913874000564647e-09,0.0,0.0,1.0,1.0,600,1.4314521551132202,fresh_online_exploration,0,3
57600,94,4.314968464314006e-06,7.913876665099906e-09,1.3513816156773828e-05,1.350590719084721e-05,7.913876665099906e-09,0.0,0.0,1.0,1.0,600,1.8306540250778198,fresh_online_exploration,0,3
57600,95,3.5550558550312417e-06,7.913869559672548e-09,1.3443509487842675e-05,1.3435585060506128e-05,7.913869559672548e-09,0.0,0.0,1.0,1.0,600,1.7148334980010986,fresh_online_exploration,0,3
115200,0,1.8392915080767125e-05,4.009678633565272e-08,5.2451232477324083e-05,5.24111237609759e-05,4.009678633565272e-08,0.0,0.0,1.0,1.0,600,1.644648551940918,fresh_online_exploration,3,8
115200,1,0.002639623824506998,7.897492437791698e-09,0.0046000126749277115,0.00460000429302454,7.897492437791698e-09,0.0,0.0,1.0,1.0,600,2.317979335784912,fresh_online_exploration,3,8
115200,2,6.192387900227914e-06,7.913876665099906e-09,1.5270086805685423e-05,1.5262172382790595e-05,7.913876665099906e-09,0.0,0.0,1.0,1.0,600,1.4696635007858276,fresh_online_exploration,3,8
115200,3,7.872671994846314e-05,7.913875776921486e-09,9.20734164537862e-05,9.206551476381719e-05,7.913875776921486e-09,0.0,0.0,1.0,1.0,600,2.3279757499694824,fresh_online_exploration,3,8
115200,4,4.6928187202865956e-07,7.913868671494129e-09,9.84292637440376e-06,9.835012861003634e-06,7.913868671494129e-09,0.0,0.0,1.0,1.0,600,1.8711974620819092,fresh_online_exploration,3,8
115200,5,0.011475149542093277,7.913876665099906e-09,0.01149190403521061,0.011491894721984863,7.913876665099906e-09,0.0,0.0,1.0,1.0,600,1.2066282033920288,fresh_online_exploration,3,8
115200,6,3.104873758275062e-05,7.913876665099906e-09,4.0036753489403054e-05,4.0028797229751945e-05,7.913876665099906e-09,0.0,0.0,1.0,1.0,600,1.8948278427124023,fresh_online_exploration,3,8
115200,7,1.3795263953397807e-07,7.913875776921486e-09,9.428410521650221e-06,9.420496098755393e-06,7.913875776921486e-09,0.0,0.0,1.0,1.0,600,1.7230181694030762,fresh_online_exploration,3,8
115200,8,6.562971066159662e-06,7.913875776921486e-09,1.564940612297505e-05,1.564148442412261e-05,7.913875776921486e-09,0.0,0.0,1.0,1.0,600,1.5739026069641113,fresh_online_exploration,3,8
115200,9,6.33299168839585e-06,7.913876665099906e-09,1.559528936923016e-05,1.5587378584314138e-05,7.913876665099906e-09,0.0,0.0,1.0,1.0,600,1.511812686920166,fresh_online_exploration,3,8
115200,10,5.065778168500401e-06,7.913876665099906e-09,1.723464811220765e-05,1.7226739146281034e-05,7.913876665099906e-09,0.0,0.0,1.0,1.0,600,1.2611671686172485,fresh_online_exploration,3,8
115200,11,0.002016122918576002,7.913876665099906e-09,0.002032969845458865,0.002032962627708912,7.913876665099906e-09,0.0,0.0,1.0,1.0,600,1.9576170444488525,fresh_online_exploration,3,8
115200,12,7.94638754797461e-09,7.913876665099906e-09,6.75102728564525e-06,6.743112408003071e-06,7.913876665099906e-09,0.0,0.0,1.0,1.0,600,1.7349216938018799,fresh_online_exploration,3,8
115200,13,7.231858944578562e-06,7.913875776921486e-09,1.6307654732372612e-05,1.629973849048838e-05,7.913875776921486e-09,0.0,0.0,1.0,1.0,600,1.248868703842163,fresh_online_exploration,3,8
115200,14,6.42083068669308e-06,7.913876665099906e-09,1.3881798622605857e-05,1.3873888747184537e-05,7.913876665099906e-09,0.0,0.0,1.0,1.0,600,1.6236331462860107,fresh_online_exploration,3,8
115200,15,6.907860552018974e-06,7.913874000564647e-09,1.582709955982864e-05,1.5819165128050372e-05,7.913874000564647e-09,0.0,0.0,1.0,1.0,600,1.7413562536239624,fresh_online_exploration,3,8
115200,16,0.0005156340776011348,7.743933494452904e-09,0.000544381735380739,0.0005443741683848202,7.743933494452904e-09,0.0,0.0,1.0,1.0,600,1.3032846450805664,fresh_online_exploration,3,8
115200,17,5.914535904594231e-06,7.913870447850968e-09,1.6128287825267762e-05,1.6120367945404723e-05,7.913870447850968e-09,0.0,0.0,1.0,1.0,600,1.7735209465026855,fresh_online_exploration,3,8
115200,18,2.9257902497192845e-05,7.913876665099906e-09,3.7265093851601705e-05,3.725714486790821e-05,7.913876665099906e-09,0.0,0.0,1.0,1.0,600,1.783677339553833,fresh_online_exploration,3,8
115200,19,1.8305129856344138e-08,7.913872224207807e-09,7.354597528319573e-06,7.346686743403552e-06,7.913872224207807e-09,0.0,0.0,1.0,1.0,600,1.6033700704574585,fresh_online_exploration,3,8
115200,20,5.892344233870972e-06,7.913876665099906e-09,1.3588112778961658e-05,1.3580203813035041e-05,7.913876665099906e-09,0.0,0.0,1.0,1.0,600,2.0925209522247314,fresh_online_exploration,3,8
115200,21,1.0786640132209868e-06,7.913875776921486e-09,8.116451681416947e-06,8.108535439532716e-06,7.913875776921486e-09,0.0,0.0,1.0,1.0,600,1.2064040899276733,fresh_online_exploration,3,8
115200,22,0.00034752441570162773,7.913875776921486e-09,0.00035499781370162964,0.0003549898392520845,7.913875776921486e-09,0.0,0.0,1.0,1.0,600,1.4190447330474854,fresh_online_exploration,3,8
115200,23,5.506838533619884e-06,7.913876665099906e-09,1.213961422763532e-05,1.21317034427193e-05,7.913876665099906e-09,0.0,0.0,1.0,1.0,600,1.8235117197036743,fresh_online_exploration,3,8
115200,24,0.001509273424744606,7.913779853652159e-09,0.0015287703135982156,0.0015287630958482623,7.913779853652159e-09,0.0,0.0,1.0,1.0,600,2.118849039077759,fresh_online_exploration,3,8
115200,25,2.4156304334610468e-06,7.913876665099906e-09,9.788834177015815e-06,9.7809261205839e-06,7.913876665099906e-09,0.0,0.0,1.0,1.0,600,1.3359731435775757,fresh_online_exploration,3,8
115200,26,0.00011316343443468213,7.913875776921486e-09,0.00020189402857795358,0.00020188609778415412,7.913875776921486e-09,0.0,0.0,1.0,1.0,600,1.762549638748169,fresh_online_exploration,3,8
115200,27,7.390316568489652e-06,7.913876665099906e-09,1.4369204109243583e-05,1.4361291505338158e-05,7.913876665099906e-09,0.0,0.0,1.0,1.0,600,1.5051264762878418,fresh_online_exploration,3,8
115200,28,6.865299837954808e-06,7.913876665099906e-09,1.406385581503855e-05,1.405594503012253e-05,7.913876665099906e-09,0.0,0.0,1.0,1.0,600,1.6130152940750122,fresh_online_exploration,3,8
115200,29,0.00053992192260921,7.913875776921486e-09,0.0005465684807859361,0.0005465606227517128,7.913875776921486e-09,0.0,0.0,1.0,1.0,600,1.5963475704193115,fresh_online_exploration,3,8
115200,30,2.2532628918270348e-06,7.913876665099906e-09,9.364723155158572e-06,9.356812370242551e-06,7.913876665099906e-09,0.0,0.0,1.0,1.0,600,1.481401801109314,fresh_online_exploration,3,8
115200,31,0.00030432932544499636,1.0741691980342694e-08,0.00031065079383552074,0.0003106400545220822,1.0741691980342694e-08,0.0,0.0,1.0,1.0,600,1.9274201393127441,fresh_online_exploration,3,8
115200,32,8.16484924115457e-09,7.913877553278326e-09,6.964524345676182e-06,6.95660810379195e-06,7.913877553278326e-09,0.0,0.0,1.0,1.0,600,1.3286566734313965,fresh_online_exploration,3,8
115200,33,7.831267430447042e-05,7.913876665099906e-09,8.517150126863271e-05,8.516357047483325e-05,7.913876665099906e-09,0.0,0.0,1.0,1.0,600,2.0793704986572266,fresh_online_exploration,3,8
115200,34,0.0009960903553292155,7.913875776921486e-09,0.0010035693412646651,0.0010035615414381027,7.913875776921486e-09,0.0,0.0,1.0,1.0,600,1.7369664907455444,fresh_online_exploration,3,8
115200,35,4.67085228592623e-05,7.913876665099906e-09,8.135462849168107e-05,8.134669769788161e-05,7.913876665099906e-09,0.0,0.0,1.0,1.0,600,1.72555410861969,fresh_online_exploration,3,8
115200,36,2.969322849821765e-05,7.913875776921486e-09,3.679599103634246e-05,3.678804569062777e-05,7.913875776921486e-09,0.0,0.0,1.0,1.0,600,1.6046888828277588,fresh_online_exploration,3,8
115200,37,0.028922006487846375,7.86315812462135e-09,0.03033887967467308,0.030338851734995842,7.86315812462135e-09,0.0,0.0,1.0,1.0,600,1.5332914590835571,fresh_online_exploration,3,8
115200,38,0.004486264195293188,7.913875776921486e-09,0.004500093404203653,0.004500086419284344,7.913875776921486e-09,0.0,0.0,1.0,1.0,600,1.92598295211792,fresh_online_exploration,3,8
115200,39,7.946390212509868e-09,7.913875776921486e-09,7.194276804511901e-06,7.186361926869722e-06,7.913875776921486e-09,0.0,0.0,1.0,1.0,600,1.91455078125,fresh_online_exploration,3,8
115200,40,0.0015539121814072132,7.913743438336951e-09,0.0016222663689404726,0.001622258685529232,7.913743438336951e-09,0.0,0.0,1.0,1.0,600,1.9313932657241821,fresh_online_exploration,3,8
115200,41,4.117071512155235e-05,7.913875776921486e-09,4.839171378989704e-05,4.8383764806203544e-05,7.913875776921486e-09,0.0,0.0,1.0,1.0,600,1.7760775089263916,fresh_online_exploration,3,8
115200,42,7.946463931318704e-09,7.913875776921486e-09,6.706688964186469e-06,6.69877408654429e-06,7.913875776921486e-09,0.0,0.0,1.0,1.0,600,1.6908528804779053,fresh_online_exploration,3,8
115200,43,5.93493177802884e-06,7.913876665099906e-09,1.3549123650591355e-05,1.3541212865675334e-05,7.913876665099906e-09,0.0,0.0,1.0,1.0,600,1.9878466129302979,fresh_online_exploration,3,8
115200,44,3.525432930473471e-06,7.913875776921486e-09,1.0521095646254253e-05,1.051318395184353e-05,7.913875776921486e-09,0.0,0.0,1.0,1.0,600,1.5982493162155151,fresh_online_exploration,3,8
115200,45,1.1177417036378756e-06,7.913874888743067e-09,8.3275226643309e-06,8.319606422446668e-06,7.913874888743067e-09,0.0,0.0,1.0,1.0,600,1.2183773517608643,fresh_online_exploration,3,8
115200,46,7.94644439139347e-09,7.913875776921486e-09,7.662171810807195e-06,7.654256478417665e-06,7.913875776921486e-09,0.0,0.0,1.0,1.0,600,1.772625207901001,fresh_online_exploration,3,8
115200,47,3.7799753044964746e-05,3.7799753044964746e-05,5.148207856109366e-05,1.3682323697139509e-05,3.7799753044964746e-05,0.0,0.0,1.0,1.0,600,2.3683712482452393,fresh_online_exploration,3,8
115200,48,3.252384658480878e-06,7.913876665099906e-09,1.0694703632907476e-05,1.0686794666980859e-05,7.913876665099906e-09,0.0,0.0,1.0,1.0,600,1.8952250480651855,fresh_online_exploration,3,8
115200,49,0.00027684212545864284,7.913876665099906e-09,0.00029108559829182923,0.0002910775947384536,7.913876665099906e-09,0.0,0.0,1.0,1.0,600,2.4911272525787354,fresh_online_exploration,3,8
115200,50,0.00019534339662641287,7.913875776921486e-09,0.00020256987772881985,0.00020256199059076607,7.913875776921486e-09,0.0,0.0,1.0,1.0,600,1.9268324375152588,fresh_online_exploration,3,8
115200,51,8.461691322736442e-05,7.913876665099906e-09,9.700388909550384e-05,9.699596557766199e-05,7.913876665099906e-09,0.0,0.0,1.0,1.0,600,1.8044079542160034,fresh_online_exploration,3,8
115200,52,7.26046607724129e-07,7.913876665099906e-09,7.660008122911677e-06,7.65209915698506e-06,7.913876665099906e-09,0.0,0.0,1.0,1.0,600,1.4173212051391602,fresh_online_exploration,3,8
115200,53,0.001508426503278315,7.913875776921486e-09,0.0015214342856779695,0.0015214268350973725,7.913875776921486e-09,0.0,0.0,1.0,1.0,600,1.3461264371871948,fresh_online_exploration,3,8
115200,54,0.0005134939565323293,7.913876665099906e-09,0.0005202930187806487,0.0005202851025387645,7.913876665099906e-09,0.0,0.0,1.0,1.0,600,1.505132794380188,fresh_online_exploration,3,8
115200,55,0.0004072492884006351,7.913876665099906e-09,0.0004142008547205478,0.0004141928511671722,7.913876665099906e-09,0.0,0.0,1.0,1.0,600,1.5556913614273071,fresh_online_exploration,3,8
115200,56,1.2314276887082087e-07,7.91386600695887e-09,6.3687466536066495e-06,6.360831775964471e-06,7.91386600695887e-09,0.0,0.0,1.0,1.0,600,1.5267778635025024,fresh_online_exploration,3,8
115200,57,9.925672657118412e-07,7.91386423060203e-09,7.782981811033096e-06,7.775064659654163e-06,7.91386423060203e-09,0.0,0.0,1.0,1.0,600,1.7367136478424072,fresh_online_exploration,3,8
115200,58,2.324703416434204e-07,7.913875776921486e-09,7.604680376971373e-06,7.5967654993291944e-06,7.913875776921486e-09,0.0,0.0,1.0,1.0,600,0.9432505965232849,fresh_online_exploration,3,8
115200,59,2.3541570044471882e-06,7.913875776921486e-09,8.918578714656178e-06,8.910668839234859e-06,7.913875776921486e-09,0.0,0.0,1.0,1.0,600,1.7426884174346924,fresh_online_exploration,3,8
115200,60,0.00020028041035402566,6.912042049833644e-09,0.00021394265058916062,0.00021393573842942715,6.912042049833644e-09,0.0,0.0,1.0,1.0,600,1.7554972171783447,fresh_online_exploration,3,8
115200,61,7.946389324331449e-09,7.913876665099906e-09,7.045080110401614e-06,7.037165232759435e-06,7.913876665099906e-09,0.0,0.0,1.0,1.0,600,1.5842435359954834,fresh_online_exploration,3,8
115200,62,6.102546649344731e-06,7.913874888743067e-09,1.306842932535801e-05,1.3060514902463183e-05,7.913874888743067e-09,0.0,0.0,1.0,1.0,600,1.70880925655365,fresh_online_exploration,3,8
115200,63,0.0019390571396797895,7.913875776921486e-09,0.001945981290191412,0.0019459734903648496,7.913875776921486e-09,0.0,0.0,1.0,1.0,600,1.8449007272720337,fresh_online_exploration,3,8
115200,64,0.00023303304624278098,7.913875776921486e-09,0.00024004421720746905,0.00024003633006941527,7.913875776921486e-09,0.0,0.0,1.0,1.0,600,1.923811912536621,fresh_online_exploration,3,8
115200,65,7.946425739646656e-09,7.913875776921486e-09,7.679479494981933e-06,7.671561434108298e-06,7.913875776921486e-09,0.0,0.0,1.0,1.0,600,1.14079749584198,fresh_online_exploration,3,8
115200,66,7.091595307429088e-06,7.913875776921486e-09,1.70130097103538e-05,1.7005093468469568e-05,7.913875776921486e-09,0.0,0.0,1.0,1.0,600,1.2512130737304688,fresh_online_exploration,3,8
115200,67,4.94425307806523e-07,7.913870447850968e-09,8.528500075044576e-06,8.520584742655046e-06,7.913870447850968e-09,0.0,0.0,1.0,1.0,600,2.4538943767547607,fresh_online_exploration,3,8
115200,68,0.0007414811407215893,7.913875776921486e-09,0.0007548501016572118,0.0007548423018306494,7.913875776921486e-09,0.0,0.0,1.0,1.0,600,1.5750614404678345,fresh_online_exploration,3,8
115200,69,6.773037966922857e-06,7.913875776921486e-09,1.3670548469235655e-05,1.3662638593814336e-05,7.913875776921486e-09,0.0,0.0,1.0,1.0,600,1.2715730667114258,fresh_online_exploration,3,8
115200,70,0.0017852101009339094,7.916965749643623e-09,0.0027481080032885075,0.0027481005527079105,7.916965749643623e-09,0.0,0.0,1.0,1.0,600,1.954362392425537,fresh_online_exploration,3,8
115200,71,6.215364010131452e-06,7.913869559672548e-09,1.7080748875741847e-05,1.7072828995878808e-05,7.913869559672548e-09,0.0,0.0,1.0,1.0,600,1.5492644309997559,fresh_online_exploration,3,8
115200,72,0.003448559669777751,7.913872224207807e-09,0.00345761445350945,0.0034576058387756348,7.913872224207807e-09,0.0,0.0,1.0,1.0,600,1.7519367933273315,fresh_online_exploration,3,8
115200,73,0.0002472980413585901,7.913876665099906e-09,0.00026627909392118454,0.0002662711194716394,7.913876665099906e-09,0.0,0.0,1.0,1.0,600,1.6405673027038574,fresh_online_exploration,3,8
115200,74,0.001738870982080698,7.913876665099906e-09,0.0017489100573584437,0.0017489023739472032,7.913876665099906e-09,0.0,0.0,1.0,1.0,600,1.5734498500823975,fresh_online_exploration,3,8
115200,75,0.002098175697028637,8.725250518182293e-05,0.0022359807044267654,0.0021487288177013397,8.725250518182293e-05,0.0,0.0,1.0,1.0,600,2.0375301837921143,fresh_online_exploration,3,8
115200,76,0.0009667405392974615,7.913875776921486e-09,0.0009758905507624149,0.0009758826927281916,7.913875776921486e-09,0.0,0.0,1.0,1.0,600,2.004488945007324,fresh_online_exploration,3,8
115200,77,0.0003322878619655967,7.913875776921486e-09,0.00034146415418945253,0.00034145626705139875,7.913875776921486e-09,0.0,0.0,1.0,1.0,600,1.363901972770691,fresh_online_exploration,3,8
115200,78,7.946389324331449e-09,7.913876665099906e-09,8.978096047940198e-06,8.97018617251888e-06,7.913876665099906e-09,0.0,0.0,1.0,1.0,600,1.7015405893325806,fresh_online_exploration,3,8
115200,79,1.2182809996375e-06,7.913875776921486e-09,1.0402183761470951e-05,1.0394272067060228e-05,7.913875776921486e-09,0.0,0.0,1.0,1.0,600,1.2824711799621582,fresh_online_exploration,3,8
115200,80,0.0003014551766682416,7.913876665099906e-09,0.00031059139291755855,0.00031058344757184386,7.913876665099906e-09,0.0,0.0,1.0,1.0,600,1.782918930053711,fresh_online_exploration,3,8
115200,81,0.0006024652975611389,3.027841739822179e-05,0.0008848277502693236,0.0008545494638383389,3.027841739822179e-05,0.0,0.0,1.0,1.0,600,1.5235775709152222,fresh_online_exploration,3,8
115200,82,0.0048553431406617165,7.903305565548635e-09,0.007831675931811333,0.007831664755940437,7.903305565548635e-09,0.0,0.0,1.0,1.0,600,2.761608362197876,fresh_online_exploration,3,8
115200,83,7.602422101626871e-06,7.913876665099906e-09,1.6628166122245602e-05,1.6620248061371967e-05,7.913876665099906e-09,0.0,0.0,1.0,1.0,600,1.783488392829895,fresh_online_exploration,3,8
115200,84,6.700125140923774e-06,7.913874000564647e-09,1.765943488862831e-05,1.7651536836638115e-05,7.913874000564647e-09,0.0,0.0,1.0,1.0,600,1.4457697868347168,fresh_online_exploration,3,8
115200,85,5.894277705920103e-07,7.913870447850968e-09,1.0629878488543909e-05,1.0621954970702063e-05,7.913870447850968e-09,0.0,0.0,1.0,1.0,600,1.5064575672149658,fresh_online_exploration,3,8
115200,86,0.0023561911657452583,7.913876665099906e-09,0.002365431049838662,0.0023654235992580652,7.913876665099906e-09,0.0,0.0,1.0,1.0,600,1.3839694261550903,fresh_online_exploration,3,8
115200,87,7.94638577161777e-09,7.913876665099906e-09,9.38039920583833e-06,9.37248842092231e-06,7.913876665099906e-09,0.0,0.0,1.0,1.0,600,1.5783987045288086,fresh_online_exploration,3,8
115200,88,7.946377778011993e-09,7.913876665099906e-09,9.012491318571847e-06,9.004580533655826e-06,7.913876665099906e-09,0.0,0.0,1.0,1.0,600,1.3648806810379028,fresh_online_exploration,3,8
115200,89,0.0012841018615290523,7.913868671494129e-09,0.001301270560361445,0.0013012635754421353,7.913868671494129e-09,0.0,0.0,1.0,1.0,600,1.9878053665161133,fresh_online_exploration,3,8
115200,90,0.0012047430500388145,7.913875776921486e-09,0.0012214274611324072,0.0012214200105518103,7.913875776921486e-09,0.0,0.0,1.0,1.0,600,1.333081841468811,fresh_online_exploration,3,8
115200,91,0.0030928906053304672,7.913876665099906e-09,0.003353938926011324,0.0033539305441081524,7.913876665099906e-09,0.0,0.0,1.0,1.0,600,1.933321237564087,fresh_online_exploration,3,8
115200,92,6.491933163488284e-06,7.913875776921486e-09,1.5689913198002614e-05,1.568199513712898e-05,7.913875776921486e-09,0.0,0.0,1.0,1.0,600,1.5119614601135254,fresh_online_exploration,3,8
115200,93,0.00022659031674265862,7.913875776921486e-09,0.0003541860496625304,0.0003541780752129853,7.913875776921486e-09,0.0,0.0,1.0,1.0,600,2.2636325359344482,fresh_online_exploration,3,8
115200,94,7.05284992363886e-06,7.913876665099906e-09,1.6131307347677648e-05,1.612339292478282e-05,7.913876665099906e-09,0.0,0.0,1.0,1.0,600,1.0968799591064453,fresh_online_exploration,3,8
115200,95,0.00031253835186362267,7.913876665099906e-09,0.00039428373565897346,0.0003942758194170892,7.913876665099906e-09,0.0,0.0,1.0,1.0,600,1.808601975440979,fresh_online_exploration,3,8
172800,0,0.0008026983705349267,1.0458433052917826e-06,0.0008206685306504369,0.0008196228882297873,1.0458433052917826e-06,0.0,0.0,1.0,1.0,600,1.4880599975585938,fresh_online_exploration,8,12
172800,1,6.444165137509117e-06,7.913879329635165e-09,1.3540726286009885e-05,1.3532813682104461e-05,7.913879329635165e-09,0.0,0.0,1.0,1.0,600,1.8799315690994263,fresh_online_exploration,8,12
172800,2,2.873766061384231e-05,7.913876665099906e-09,3.7875095586059615e-05,3.786714660236612e-05,7.913876665099906e-09,0.0,0.0,1.0,1.0,600,1.4528816938400269,fresh_online_exploration,8,12
172800,3,4.078329584444873e-05,7.913876665099906e-09,5.262951162876561e-05,5.26215553691145e-05,7.913876665099906e-09,0.0,0.0,1.0,1.0,600,1.5715235471725464,fresh_online_exploration,8,12
172800,4,6.660649432888022e-06,7.913875776921486e-09,1.584464916959405e-05,1.5836731108720414e-05,7.913875776921486e-09,0.0,0.0,1.0,1.0,600,1.7060096263885498,fresh_online_exploration,8,12
172800,5,6.950933311600238e-06,7.91386600695887e-09,1.5770812751725316e-05,1.5762898328830488e-05,7.91386600695887e-09,0.0,0.0,1.0,1.0,600,1.6548622846603394,fresh_online_exploration,8,12
172800,6,0.000542392604984343,7.913876665099906e-09,0.0005564241437241435,0.0005564162856899202,7.913876665099906e-09,0.0,0.0,1.0,1.0,600,1.3077224493026733,fresh_online_exploration,8,12
172800,7,0.0028415387496352196,0.0003198983031325042,0.004280808847397566,0.003960905130952597,0.0003198983031325042,0.0,0.0,1.0,1.0,600,2.195066452026367,fresh_online_exploration,8,12
172800,8,6.857741027488373e-06,7.913868671494129e-09,1.3931866305938456e-05,1.3923951883043628e-05,7.913868671494129e-09,0.0,0.0,1.0,1.0,600,1.7202684879302979,fresh_online_exploration,8,12
172800,9,0.0002988269552588463,7.913876665099906e-09,0.00032196188112720847,0.00032195396488532424,7.913876665099906e-09,0.0,0.0,1.0,1.0,600,1.6089463233947754,fresh_online_exploration,8,12
172800,10,0.0017339135520160198,7.913876665099906e-09,0.0017429427243769169,0.0017429351573809981,7.913876665099906e-09,0.0,0.0,1.0,1.0,600,1.5856819152832031,fresh_online_exploration,8,12
172800,11,7.94638754797461e-09,7.913875776921486e-09,9.360091098642442e-06,9.352178494737018e-06,7.913875776921486e-09,0.0,0.0,1.0,1.0,600,1.1259669065475464,fresh_online_exploration,8,12
172800,12,0.00011956186062889174,7.913876665099906e-09,0.000126746017485857,0.0001267381594516337,7.913876665099906e-09,0.0,0.0,1.0,1.0,600,1.3066259622573853,fresh_online_exploration,8,12
172800,13,7.94670906856254e-09,7.913875776921486e-09,7.064586043270538e-06,7.05667162037571e-06,7.913875776921486e-09,0.0,0.0,1.0,1.0,600,1.4999215602874756,fresh_online_exploration,8,12
172800,14,2.153669584004092e-06,7.915573974059953e-09,1.1239939340157434e-05,1.1232023098273203e-05,7.915573974059953e-09,0.0,0.0,1.0,1.0,600,1.3724900484085083,fresh_online_exploration,8,12
172800,15,2.233369741588831e-06,7.913876665099906e-09,1.132350280386163e-05,1.131559292844031e-05,7.913876665099906e-09,0.0,0.0,1.0,1.0,600,1.456260323524475,fresh_online_exploration,8,12
172800,16,2.6289126253686845e-06,7.913876665099906e-09,1.007736773317447e-05,1.006945785775315e-05,7.913876665099906e-09,0.0,0.0,1.0,1.0,600,1.4794628620147705,fresh_online_exploration,8,12
172800,17,0.0005189593648537993,7.913875776921486e-09,0.0005325152305886149,0.0005325074307620525,7.913875776921486e-09,0.0,0.0,1.0,1.0,600,2.0918707847595215,fresh_online_exploration,8,12
172800,18,0.0009372927015647292,7.913875776921486e-09,0.0009778535459190607,0.0009778460953384638,7.913875776921486e-09,0.0,0.0,1.0,1.0,600,1.519964575767517,fresh_online_exploration,8,12
172800,19,7.233838459796971e-06,7.913875776921486e-09,1.7525766452308744e-05,1.751785384840332e-05,7.913875776921486e-09,0.0,0.0,1.0,1.0,600,1.103591799736023,fresh_online_exploration,8,12
172800,20,0.00015356212679762393,0.00015356212679762393,0.00016787559434305876,1.4313470273918938e-05,0.00015356212679762393,0.0,0.0,1.0,1.0,600,1.8273279666900635,fresh_online_exploration,8,12
172800,21,5.516457804333186e-06,7.913875776921486e-09,1.517265263828449e-05,1.516474276286317e-05,7.913875776921486e-09,0.0,0.0,1.0,1.0,600,1.87358820438385,fresh_online_exploration,8,12
172800,22,0.005209421738982201,6.912072247899914e-09,0.015285545960068703,0.015285550616681576,6.912072247899914e-09,0.0,0.0,1.0,1.0,600,1.9486336708068848,fresh_online_exploration,8,12
172800,23,9.454796781938057e-06,3.2309404218722193e-07,1.599548340891488e-05,1.5672389054088853e-05,3.2309404218722193e-07,0.0,0.0,1.0,1.0,600,2.071031332015991,fresh_online_exploration,8,12
172800,24,7.5723605732491706e-06,7.913875776921486e-09,1.4757742064830381e-05,1.4749826732440852e-05,7.913875776921486e-09,0.0,0.0,1.0,1.0,600,2.045677423477173,fresh_online_exploration,8,12
172800,25,0.01340959221124649,7.913876665099906e-09,0.016202496364712715,0.016202503815293312,7.913876665099906e-09,0.0,0.0,1.0,1.0,600,1.7483189105987549,fresh_online_exploration,8,12
172800,26,5.623466131510213e-05,7.913876665099906e-09,7.317026029340923e-05,7.316231494769454e-05,7.913876665099906e-09,0.0,0.0,1.0,1.0,600,1.8206344842910767,fresh_online_exploration,8,12
172800,27,5.467457231134176e-05,7.913876665099906e-09,6.72519308864139e-05,6.724401464452967e-05,7.913876665099906e-09,0.0,0.0,1.0,1.0,600,2.007690668106079,fresh_online_exploration,8,12
172800,28,0.002250764751806855,7.913875776921486e-09,0.0022599289659410715,0.0022599222138524055,7.913875776921486e-09,0.0,0.0,1.0,1.0,600,2.1856319904327393,fresh_online_exploration,8,12
172800,29,7.0281903390423395e-06,7.913871336029388e-09,1.6367701391573064e-05,1.635979424463585e-05,7.913871336029388e-09,0.0,0.0,1.0,1.0,600,1.7099281549453735,fresh_online_exploration,8,12
172800,30,0.002109027933329344,7.913876665099906e-09,0.002121579833328724,0.0021215726155787706,7.913876665099906e-09,0.0,0.0,1.0,1.0,600,1.8993711471557617,fresh_online_exploration,8,12
172800,31,2.368942091379722e-07,7.913868671494129e-09,9.903653335641138e-06,9.895738003251608e-06,7.913868671494129e-09,0.0,0.0,1.0,1.0,600,1.5863527059555054,fresh_online_exploration,8,12
172800,32,6.105188276706031e-06,7.913868671494129e-09,1.228404653375037e-05,1.2276126653887331e-05,7.913868671494129e-09,0.0,0.0,1.0,1.0,600,1.1872161626815796,fresh_online_exploration,8,12
172800,33,3.8495141780003905e-05,7.913876665099906e-09,5.20221765327733e-05,5.2014216635143384e-05,7.913876665099906e-09,0.0,0.0,1.0,1.0,600,1.4466416835784912,fresh_online_exploration,8,12
172800,34,4.1704238356032874e-06,7.913868671494129e-09,1.154050823970465e-05,1.1532591088325717e-05,7.913868671494129e-09,0.0,0.0,1.0,1.0,600,1.4163645505905151,fresh_online_exploration,8,12
172800,35,6.27184817858506e-06,7.913876665099906e-09,1.5670020729885437e-05,1.566210630699061e-05,7.913876665099906e-09,0.0,0.0,1.0,1.0,600,1.1354023218154907,fresh_online_exploration,8,12
172800,36,2.3116231204767246e-06,7.913875776921486e-09,9.60737179411808e-06,9.59946646617027e-06,7.913875776921486e-09,0.0,0.0,1.0,1.0,600,2.01603364944458,fresh_online_exploration,8,12
172800,37,5.0305334298172966e-06,7.913875776921486e-09,1.4736624507349916e-05,1.4728713722433895e-05,7.913875776921486e-09,0.0,0.0,1.0,1.0,600,1.8686240911483765,fresh_online_exploration,8,12
172800,38,0.00024908201885409653,7.913875776921486e-09,0.00025613559409976006,0.00025612759054638445,7.913875776921486e-09,0.0,0.0,1.0,1.0,600,1.3136372566223145,fresh_online_exploration,8,12
172800,39,0.006812286097556353,7.913936173054026e-09,0.013186669908463955,0.013186661526560783,7.913936173054026e-09,0.0,0.0,1.0,1.0,600,1.8260631561279297,fresh_online_exploration,8,12
172800,40,2.3155973394750617e-05,7.913876665099906e-09,3.0332103051478043e-05,3.032418680959381e-05,7.913876665099906e-09,0.0,0.0,1.0,1.0,600,0.9498856067657471,fresh_online_exploration,8,12
172800,41,1.5118765986699145e-05,7.913875776921486e-09,2.2065582015784457e-05,2.2057671230868436e-05,7.913875776921486e-09,0.0,0.0,1.0,1.0,600,2.1081738471984863,fresh_online_exploration,8,12
172800,42,0.0002242791379103437,7.913875776921486e-09,0.0003949296078644693,0.0003949215461034328,7.913875776921486e-09,0.0,0.0,1.0,1.0,600,1.7078347206115723,fresh_online_exploration,8,12
172800,43,5.6030739870038815e-06,7.913872224207807e-09,1.4612629456678405e-05,1.4604718671762384e-05,7.913872224207807e-09,0.0,0.0,1.0,1.0,600,1.6198559999465942,fresh_online_exploration,8,12
172800,44,8.980732673080638e-06,7.913876665099906e-09,1.8194690710515715e-05,1.8186770830652677e-05,7.913876665099906e-09,0.0,0.0,1.0,1.0,600,1.6887845993041992,fresh_online_exploration,8,12
172800,45,5.765626156062353e-06,7.913878441456745e-09,1.4842249584035017e-05,1.483433607063489e-05,7.913878441456745e-09,0.0,0.0,1.0,1.0,600,1.1353988647460938,fresh_online_exploration,8,12
172800,46,6.398286586772883e-06,7.913873112386227e-09,1.548715772514697e-05,1.5479232388315722e-05,7.913873112386227e-09,0.0,0.0,1.0,1.0,600,1.3251659870147705,fresh_online_exploration,8,12
172800,47,0.0013879891484975815,7.913877553278326e-09,0.0017885748529806733,0.0017885667039081454,7.913877553278326e-09,0.0,0.0,1.0,1.0,600,2.3053505420684814,fresh_online_exploration,8,12
172800,48,0.0001867721148300916,7.913875776921486e-09,0.00019602288375608623,0.00019601493841037154,7.913875776921486e-09,0.0,0.0,1.0,1.0,600,1.740199327468872,fresh_online_exploration,8,12
172800,49,0.001709489501081407,7.913876665099906e-09,0.003562787314876914,0.003562779165804386,7.913876665099906e-09,0.0,0.0,1.0,1.0,600,2.7909648418426514,fresh_online_exploration,8,12
172800,50,5.4168605856830254e-05,4.81073300306889e-07,0.0001209061811096035,0.00012042511662002653,4.81073300306889e-07,0.0,0.0,1.0,1.0,600,1.659562349319458,fresh_online_exploration,8,12
172800,51,0.003823709674179554,3.6023122902406612e-06,0.005224260501563549,0.005220658611506224,3.6023122902406612e-06,0.0,0.0,1.0,1.0,600,2.566643476486206,fresh_online_exploration,8,12
172800,52,0.01360132172703743,7.913875776921486e-09,0.014140034094452858,0.014140034094452858,7.913875776921486e-09,0.0,0.0,1.0,1.0,600,2.1475436687469482,fresh_online_exploration,8,12
172800,53,4.563301899906946e-06,7.913876665099906e-09,1.1905337487405632e-05,1.1897427611984313e-05,7.913876665099906e-09,0.0,0.0,1.0,1.0,600,1.5876884460449219,fresh_online_exploration,8,12
172800,54,7.94635468537308e-09,7.913875776921486e-09,7.070380434015533e-06,7.062465101626003e-06,7.913875776921486e-09,0.0,0.0,1.0,1.0,600,1.7069088220596313,fresh_online_exploration,8,12
172800,55,0.0011370877036824822,7.913876665099906e-09,0.0011737572494894266,0.001173749566078186,7.913876665099906e-09,0.0,0.0,1.0,1.0,600,1.779866099357605,fresh_online_exploration,8,12
172800,56,2.0104607756366022e-05,2.5042862006330324e-08,3.6384561099112034e-05,3.6359517253004014e-05,2.5042862006330324e-08,0.0,0.0,1.0,1.0,600,1.744472622871399,fresh_online_exploration,8,12
172800,57,0.010035372339189053,7.94164556339183e-09,0.014435767196118832,0.014435771852731705,7.94164556339183e-09,0.0,0.0,1.0,1.0,600,1.8254109621047974,fresh_online_exploration,8,12
172800,58,3.5437747101241257e-06,7.913259381098214e-09,1.1390926374588162e-05,1.138301558967214e-05,7.913259381098214e-09,0.0,0.0,1.0,1.0,600,1.60324227809906,fresh_online_exploration,8,12
172800,59,5.9255298765492626e-06,7.913875776921486e-09,1.5130968677112833e-05,1.5123059711186215e-05,7.913875776921486e-09,0.0,0.0,1.0,1.0,600,1.4974050521850586,fresh_online_exploration,8,12
172800,60,7.039981574052945e-05,1.5514503459712614e-08,8.45646281959489e-05,8.454907947452739e-05,1.5514503459712614e-08,0.0,0.0,1.0,1.0,600,1.8825887441635132,fresh_online_exploration,8,12
172800,61,4.202875061309896e-06,4.574708611926326e-09,1.2567162229970563e-05,1.2562586562125944e-05,4.574708611926326e-09,0.0,0.0,1.0,1.0,600,2.0101988315582275,fresh_online_exploration,8,12
172800,62,6.630697043874534e-06,7.839342508475511e-09,1.3784287148155272e-05,1.3776449122815393e-05,7.839342508475511e-09,0.0,0.0,1.0,1.0,600,1.2779791355133057,fresh_online_exploration,8,12
172800,63,7.396573437290499e-06,7.913875776921486e-09,1.5333827832364477e-05,1.532591340946965e-05,7.913875776921486e-09,0.0,0.0,1.0,1.0,600,1.8081852197647095,fresh_online_exploration,8,12
172800,64,1.249145316251088e-05,7.913873112386227e-09,2.551708894316107e-05,2.5509174520266242e-05,7.913873112386227e-09,0.0,0.0,1.0,1.0,600,1.2455434799194336,fresh_online_exploration,8,12
172800,65,8.980114216683432e-07,7.913874000564647e-09,7.769137482682709e-06,7.76122305978788e-06,7.913874000564647e-09,0.0,0.0,1.0,1.0,600,1.3586015701293945,fresh_online_exploration,8,12
172800,66,4.0625391761750507e-07,7.913869559672548e-09,7.755022124911193e-06,7.747112249489874e-06,7.913869559672548e-09,0.0,0.0,1.0,1.0,600,1.559211254119873,fresh_online_exploration,8,12
172800,67,3.131023504465702e-06,7.913875776921486e-09,1.205123589897994e-05,1.2043329661537427e-05,7.913875776921486e-09,0.0,0.0,1.0,1.0,600,1.5745105743408203,fresh_online_exploration,8,12
172800,68,6.97795348969521e-06,7.913875776921486e-09,1.6386667994083837e-05,1.63787499332102e-05,7.913875776921486e-09,0.0,0.0,1.0,1.0,600,1.8309510946273804,fresh_online_exploration,8,12
172800,69,4.727769464807352e-06,7.913873112386227e-09,1.5148270904319361e-05,1.5140361028898042e-05,7.913873112386227e-09,0.0,0.0,1.0,1.0,600,1.7746862173080444,fresh_online_exploration,8,12
172800,70,2.0572178982547484e-06,7.913875776921486e-09,8.93501055543311e-06,8.92710068001179e-06,7.913875776921486e-09,0.0,0.0,1.0,1.0,600,1.5461971759796143,fresh_online_exploration,8,12
172800,71,0.0013058619806542993,7.91493270924093e-09,0.002412459347397089,0.002412451896816492,7.91493270924093e-09,0.0,0.0,1.0,1.0,600,2.253992795944214,fresh_online_exploration,8,12
172800,72,6.1283953982638195e-06,7.913875776921486e-09,1.4986572750785854e-05,1.4978659237385727e-05,7.913875776921486e-09,0.0,0.0,1.0,1.0,600,2.1388368606567383,fresh_online_exploration,8,12
172800,73,6.211776508280309e-06,7.913869559672548e-09,1.6503881852258928e-05,1.64959674293641e-05,7.913869559672548e-09,0.0,0.0,1.0,1.0,600,1.2360553741455078,fresh_online_exploration,8,12
172800,74,0.002199997426941991,7.914495725458437e-09,0.004054072313010693,0.004054062534123659,7.914495725458437e-09,0.0,0.0,1.0,1.0,600,2.1103925704956055,fresh_online_exploration,8,12
172800,75,0.0010991658782586455,8.542962603996784e-08,0.0012283598771318793,0.0012282744282856584,8.542962603996784e-08,0.0,0.0,1.0,1.0,600,1.9786927700042725,fresh_online_exploration,8,12
172800,76,7.381390332739102e-06,7.913876665099906e-09,1.6495743693667464e-05,1.6487829270772636e-05,7.913876665099906e-09,0.0,0.0,1.0,1.0,600,1.5365394353866577,fresh_online_exploration,8,12
172800,77,0.00016695732483640313,9.436148502572905e-07,0.00017982965800911188,0.0001788860681699589,9.436148502572905e-07,0.0,0.0,1.0,1.0,600,1.6359142065048218,fresh_online_exploration,8,12
172800,78,6.862024292786373e-06,7.913875776921486e-09,1.624044125492219e-05,1.6232525013037957e-05,7.913875776921486e-09,0.0,0.0,1.0,1.0,600,1.7226492166519165,fresh_online_exploration,8,12
172800,79,0.00034160545328631997,7.913875776921486e-09,0.00035094207851216197,0.00035093422047793865,7.913875776921486e-09,0.0,0.0,1.0,1.0,600,1.4599097967147827,fresh_online_exploration,8,12
172800,80,2.8699830636469414e-06,7.913876665099906e-09,1.2055672414135188e-05,1.2047759810229763e-05,7.913876665099906e-09,0.0,0.0,1.0,1.0,600,1.2954050302505493,fresh_online_exploration,8,12
172800,81,5.893150500924094e-06,7.913876665099906e-09,1.291030002903426e-05,1.2902383787150029e-05,7.913876665099906e-09,0.0,0.0,1.0,1.0,600,1.415341854095459,fresh_online_exploration,8,12
172800,82,2.708545139284979e-07,7.913874888743067e-09,9.268683243135456e-06,9.260770639230032e-06,7.913874888743067e-09,0.0,0.0,1.0,1.0,600,2.039454460144043,fresh_online_exploration,8,12
172800,83,7.52307232687599e-06,7.913875776921486e-09,1.5215165149129461e-05,1.5207249816739932e-05,7.913875776921486e-09,0.0,0.0,1.0,1.0,600,1.1562620401382446,fresh_online_exploration,8,12
172800,84,4.310697477194481e-06,7.913876665099906e-09,1.1612668458838016e-05,1.1604758583416697e-05,7.913876665099906e-09,0.0,0.0,1.0,1.0,600,1.5567330121994019,fresh_online_exploration,8,12
172800,85,0.0006638378836214542,5.888122434072329e-09,0.0007280728896148503,0.0007280671270564198,5.888122434072329e-09,0.0,0.0,1.0,1.0,600,1.8817356824874878,fresh_online_exploration,8,12
172800,86,0.0013411232503131032,7.913742550158531e-09,0.0013503567315638065,0.0013503492809832096,7.913742550158531e-09,0.0,0.0,1.0,1.0,600,1.7255597114562988,fresh_online_exploration,8,12
172800,87,3.998522515757941e-05,7.889614295208958e-09,5.4449857998406515e-05,5.4441927204607055e-05,7.889614295208958e-09,0.0,0.0,1.0,1.0,600,2.6049554347991943,fresh_online_exploration,8,12
172800,88,0.0025856487918645144,7.913875776921486e-09,0.004013719502836466,0.004013711586594582,7.913875776921486e-09,0.0,0.0,1.0,1.0,600,1.6176961660385132,fresh_online_exploration,8,12
172800,89,6.937459147593472e-06,7.913876665099906e-09,1.617094130779151e-05,1.6163025065907277e-05,7.913876665099906e-09,0.0,0.0,1.0,1.0,600,1.7663520574569702,fresh_online_exploration,8,12
172800,90,0.0003516610595397651,7.938777635274619e-09,0.0005649395170621574,0.0005649317754432559,7.938777635274619e-09,0.0,0.0,1.0,1.0,600,1.4485701322555542,fresh_online_exploration,8,12
172800,91,0.03065316751599312,7.913888211419362e-09,0.03652435913681984,0.03652435913681984,7.913888211419362e-09,0.0,0.0,1.0,1.0,600,2.102332592010498,fresh_online_exploration,8,12
172800,92,0.00011125346645712852,7.913875776921486e-09,0.0001185411965707317,0.0001185332439490594,7.913875776921486e-09,0.0,0.0,1.0,1.0,600,1.675668478012085,fresh_online_exploration,8,12
172800,93,0.007942325435578823,7.937579482586443e-09,0.008087892085313797,0.00808789860457182,7.937579482586443e-09,0.0,0.0,1.0,1.0,600,2.2683310508728027,fresh_online_exploration,8,12
172800,94,4.8780424549477175e-05,2.0048453279741807e-06,8.412108581978828e-05,8.211621025111526e-05,2.0048453279741807e-06,0.0,0.0,1.0,1.0,600,1.6203358173370361,fresh_online_exploration,8,12
172800,95,7.946383107082511e-09,7.913876665099906e-09,7.722954251221381e-06,7.715038918831851e-06,7.913876665099906e-09,0.0,0.0,1.0,1.0,600,1.517690658569336,fresh_online_exploration,8,12
230400,0,0.0016689751064404845,7.913876665099906e-09,0.001678210450336337,0.0016782027669250965,7.913876665099906e-09,0.0,0.0,1.0,1.0,600,1.5201493501663208,fresh_online_exploration,12,15
230400,1,9.777843843039591e-06,2.5275799231394558e-09,1.8762410036288202e-05,1.875987982202787e-05,2.5275799231394558e-09,0.0,0.0,1.0,1.0,600,1.4232505559921265,fresh_online_exploration,12,15
230400,2,0.00034114945447072387,7.77741249180508e-09,0.00038686557672917843,0.0003868576604872942,7.77741249180508e-09,0.0,0.0,1.0,1.0,600,1.8020493984222412,fresh_online_exploration,12,15
230400,3,0.01042408961802721,9.538965450861525e-11,0.015229708515107632,0.0152297243475914,9.538965450861525e-11,0.0,0.0,1.0,1.0,600,2.3779990673065186,fresh_online_exploration,12,15
230400,4,1.4025936856398857e-08,7.913876665099906e-09,7.529198683187133e-06,7.521282896050252e-06,7.913876665099906e-09,0.0,0.0,1.0,1.0,600,1.3561090230941772,fresh_online_exploration,12,15
230400,5,0.01100051961839199,9.236157893610653e-06,0.01179701741784811,0.011787774972617626,9.236157893610653e-06,0.0,0.0,1.0,1.0,600,1.9020562171936035,fresh_online_exploration,12,15
230400,6,6.9298157541197725e-06,7.913870447850968e-09,1.40519796332228e-05,1.4044062481843866e-05,7.913870447850968e-09,0.0,0.0,1.0,1.0,600,1.7358448505401611,fresh_online_exploration,12,15
230400,7,6.297349500528071e-06,7.913867783315709e-09,1.5353494745795615e-05,1.53455875988584e-05,7.913867783315709e-09,0.0,0.0,1.0,1.0,600,1.5849087238311768,fresh_online_exploration,12,15
230400,8,0.001789918402209878,0.0003238489734940231,0.003205056767910719,0.0028812082018703222,0.0003238489734940231,0.0,0.0,1.0,1.0,600,1.7759029865264893,fresh_online_exploration,12,15
230400,9,0.0022103230003267527,7.913876665099906e-09,0.002219824120402336,0.0022198164369910955,7.913876665099906e-09,0.0,0.0,1.0,1.0,600,1.635557770729065,fresh_online_exploration,12,15
230400,10,5.507532932824688e-06,7.913876665099906e-09,1.4898727386025712e-05,1.489081569161499e-05,7.913876665099906e-09,0.0,0.0,1.0,1.0,600,1.2217280864715576,fresh_online_exploration,12,15
230400,11,4.4050557335140184e-05,7.940951896046045e-09,7.64583601267077e-05,7.645042933290824e-05,7.940951896046045e-09,0.0,0.0,1.0,1.0,600,1.9985226392745972,fresh_online_exploration,12,15
230400,12,0.001395562314428389,7.913876665099906e-09,0.0014098567189648747,0.0014098497340455651,7.913876665099906e-09,0.0,0.0,1.0,1.0,600,1.9503027200698853,fresh_online_exploration,12,15
230400,13,0.0001644081057747826,7.913876665099906e-09,0.0004286144976504147,0.0004286065814085305,7.913876665099906e-09,0.0,0.0,1.0,1.0,600,1.5224320888519287,fresh_online_exploration,12,15
230400,14,0.001613703789189458,7.913876665099906e-09,0.0016226476291194558,0.0016226399457082152,7.913876665099906e-09,0.0,0.0,1.0,1.0,600,1.1171059608459473,fresh_online_exploration,12,15
230400,15,3.521675466799934e-07,7.913869559672548e-09,9.383519682160113e-06,9.375603440275881e-06,7.913869559672548e-09,0.0,0.0,1.0,1.0,600,1.254498839378357,fresh_online_exploration,12,15
230400,16,0.005416208412498236,-4.0247404069432627e-14,0.005423408467322588,0.005423408932983875,0.0,0.0,0.0,1.0,1.0,600,1.7206926345825195,fresh_online_exploration,12,15
230400,17,2.3288399461307563e-05,7.913876665099906e-09,3.787794048548676e-05,3.786998422583565e-05,7.913876665099906e-09,0.0,0.0,1.0,1.0,600,1.6885218620300293,fresh_online_exploration,12,15
230400,18,0.0008393979514949024,7.913876665099906e-09,0.0008484001737087965,0.000848392432089895,7.913876665099906e-09,0.0,0.0,1.0,1.0,600,1.1170027256011963,fresh_online_exploration,12,15
230400,19,6.000188022881048e-06,7.913873112386227e-09,1.4977826140238903e-05,1.4969908079365268e-05,7.913873112386227e-09,0.0,0.0,1.0,1.0,600,1.704479455947876,fresh_online_exploration,12,15
230400,20,0.0007146054413169622,7.913876665099906e-09,0.000728862767573446,0.0007288550841622055,7.913876665099906e-09,0.0,0.0,1.0,1.0,600,1.1074529886245728,fresh_online_exploration,12,15
230400,21,0.00018408242613077164,7.913875776921486e-09,0.00019369824440218508,0.0001936903572641313,7.913875776921486e-09,0.0,0.0,1.0,1.0,600,1.1321556568145752,fresh_online_exploration,12,15
230400,22,0.0005046079750172794,7.913876665099906e-09,0.0005135529208928347,0.0005135449464432895,7.913876665099906e-09,0.0,0.0,1.0,1.0,600,1.4874210357666016,fresh_online_exploration,12,15
230400,23,6.586571544175968e-05,7.162220150291887e-09,8.684994099894539e-05,8.68428178364411e-05,7.162220150291887e-09,0.0,0.0,1.0,1.0,600,1.8051406145095825,fresh_online_exploration,12,15
230400,24,5.2813188631262165e-06,7.913874000564647e-09,1.2511352906585671e-05,1.2503438483690843e-05,7.913874000564647e-09,0.0,0.0,1.0,1.0,600,1.6977767944335938,fresh_online_exploration,12,15
230400,25,1.0370638392487308e-06,7.913876665099906e-09,8.35374157759361e-06,8.345827154698782e-06,7.913876665099906e-09,0.0,0.0,1.0,1.0,600,1.482247233390808,fresh_online_exploration,12,15
230400,26,9.16119370231172e-06,7.913876665099906e-09,1.6371954188798554e-05,1.636404158489313e-05,7.913876665099906e-09,0.0,0.0,1.0,1.0,600,1.6932331323623657,fresh_online_exploration,12,15
230400,27,6.922732609382365e-06,7.913875776921486e-09,1.4546726561093237e-05,1.4538810319209006e-05,7.913875776921486e-09,0.0,0.0,1.0,1.0,600,1.4239438772201538,fresh_online_exploration,12,15
230400,28,0.0005410439916886389,7.913875776921486e-09,0.0005479349638335407,0.0005479271057993174,7.913875776921486e-09,0.0,0.0,1.0,1.0,600,2.135079860687256,fresh_online_exploration,12,15
230400,29,3.65537539437355e-06,7.913876665099906e-09,1.0842972187674604e-05,1.0835062312253285e-05,7.913876665099906e-09,0.0,0.0,1.0,1.0,600,1.7113454341888428,fresh_online_exploration,12,15
230400,30,7.521603038185276e-06,7.913876665099906e-09,1.4871966413920745e-05,1.4864051081531215e-05,7.913876665099906e-09,0.0,0.0,1.0,1.0,600,1.5855149030685425,fresh_online_exploration,12,15
230400,31,8.321776476805098e-06,7.913876665099906e-09,1.5174711734289303e-05,1.5166802768362686e-05,7.913876665099906e-09,0.0,0.0,1.0,1.0,600,1.956031322479248,fresh_online_exploration,12,15
230400,32,0.0002619421575218439,7.913872224207807e-09,0.0002714024158194661,0.0002713944704737514,7.913872224207807e-09,0.0,0.0,1.0,1.0,600,1.6465728282928467,fresh_online_exploration,12,15
230400,33,6.814707739977166e-05,7.913875776921486e-09,8.400142542086542e-05,8.399349462706596e-05,7.913875776921486e-09,0.0,0.0,1.0,1.0,600,1.1761302947998047,fresh_online_exploration,12,15
230400,34,1.4212004316505045e-05,7.913875776921486e-09,2.390512054262217e-05,2.3897207938716747e-05,7.913875776921486e-09,0.0,0.0,1.0,1.0,600,1.478276014328003,fresh_online_exploration,12,15
230400,35,7.828244270058349e-05,7.913876665099906e-09,9.400733688380569e-05,9.399939881404862e-05,7.913876665099906e-09,0.0,0.0,1.0,1.0,600,2.114612579345703,fresh_online_exploration,12,15
230400,36,6.791816758777713e-06,7.913875776921486e-09,1.6155920093297027e-05,1.6148014765349217e-05,7.913875776921486e-09,0.0,0.0,1.0,1.0,600,1.4606963396072388,fresh_online_exploration,12,15
230400,37,0.00031141407089307904,7.913876665099906e-09,0.0003266388375777751,0.0003266309213358909,7.913876665099906e-09,0.0,0.0,1.0,1.0,600,1.470379114151001,fresh_online_exploration,12,15
230400,38,5.047781570510779e-08,7.913875776921486e-09,9.112381121667568e-06,9.104465789278038e-06,7.913875776921486e-09,0.0,0.0,1.0,1.0,600,2.2571940422058105,fresh_online_exploration,12,15
230400,39,5.982240509183612e-06,7.913876665099906e-09,1.2848980986746028e-05,1.2841067473345902e-05,7.913876665099906e-09,0.0,0.0,1.0,1.0,600,1.5809826850891113,fresh_online_exploration,12,15
230400,40,3.706833012984134e-05,7.913876665099906e-09,4.492676453082822e-05,4.491881554713473e-05,7.913876665099906e-09,0.0,0.0,1.0,1.0,600,1.0743653774261475,fresh_online_exploration,12,15
230400,41,0.0010241159470751882,7.913876665099906e-09,0.0010309650097042322,0.0010309573262929916,7.913876665099906e-09,0.0,0.0,1.0,1.0,600,1.6714035272598267,fresh_online_exploration,12,15
230400,42,6.729959295626031e-06,7.913875776921486e-09,1.6129879440995865e-05,1.6121963199111633e-05,7.913875776921486e-09,0.0,0.0,1.0,1.0,600,1.5791956186294556,fresh_online_exploration,12,15
230400,43,1.0673348924683523e-06,7.913875776921486e-09,1.0049080628959928e-05,1.0041170753538609e-05,7.913875776921486e-09,0.0,0.0,1.0,1.0,600,2.1868629455566406,fresh_online_exploration,12,15
230400,44,0.0032189658377319574,7.913875776921486e-09,0.0032281121239066124,0.003228104440495372,7.913875776921486e-09,0.0,0.0,1.0,1.0,600,1.816688060760498,fresh_online_exploration,12,15
230400,45,2.3454789698007517e-05,7.913876665099906e-09,3.640355862444267e-05,3.6395606002770364e-05,7.913876665099906e-09,0.0,0.0,1.0,1.0,600,1.6387914419174194,fresh_online_exploration,12,15
230400,46,5.807816705782898e-06,7.913875776921486e-09,1.5068466382217593e-05,1.5060551049828064e-05,7.913875776921486e-09,0.0,0.0,1.0,1.0,600,1.5896759033203125,fresh_online_exploration,12,15
230400,47,7.946508340239689e-09,7.913875776921486e-09,7.230668870761292e-06,7.222755357361166e-06,7.913875776921486e-09,0.0,0.0,1.0,1.0,600,1.5947540998458862,fresh_online_exploration,12,15
230400,48,1.7548570667713648e-06,7.913875776921486e-09,1.0760938494058792e-05,1.0753017704701051e-05,7.913875776921486e-09,0.0,0.0,1.0,1.0,600,1.803654670715332,fresh_online_exploration,12,15
230400,49,6.559464964084327e-06,7.913875776921486e-09,1.6372487152693793e-05,1.6364567272830755e-05,7.913875776921486e-09,0.0,0.0,1.0,1.0,600,1.4529943466186523,fresh_online_exploration,12,15
230400,50,8.604642971477006e-06,7.913874888743067e-09,1.5473862731596455e-05,1.5465946489712223e-05,7.913874888743067e-09,0.0,0.0,1.0,1.0,600,1.6039249897003174,fresh_online_exploration,12,15
230400,51,3.113711599667113e-08,7.913871336029388e-09,9.193392543238588e-06,9.18547812034376e-06,7.913871336029388e-09,0.0,0.0,1.0,1.0,600,1.6067872047424316,fresh_online_exploration,12,15
230400,52,2.0930258415319258e-07,7.913868671494129e-09,6.9939765126036946e-06,6.986060270719463e-06,7.913868671494129e-09,0.0,0.0,1.0,1.0,600,1.3582758903503418,fresh_online_exploration,12,15
230400,53,0.00021966516214888543,7.913876665099906e-09,0.00022863131016492844,0.00022862342302687466,7.913876665099906e-09,0.0,0.0,1.0,1.0,600,1.571995735168457,fresh_online_exploration,12,15
230400,54,5.733892521675443e-06,7.913875776921486e-09,1.5788309610798024e-05,1.578039154992439e-05,7.913875776921486e-09,0.0,0.0,1.0,1.0,600,1.1038682460784912,fresh_online_exploration,12,15
230400,55,5.2703799156006426e-06,7.913876665099906e-09,1.4258098417485598e-05,1.4250186723074876e-05,7.913876665099906e-09,0.0,0.0,1.0,1.0,600,1.3481943607330322,fresh_online_exploration,12,15
230400,56,0.000691911147441715,7.913876665099906e-09,0.0006984690553508699,0.0006984611973166466,7.913876665099906e-09,0.0,0.0,1.0,1.0,600,1.4289774894714355,fresh_online_exploration,12,15
230400,57,8.750823326408863e-06,7.913876665099906e-09,1.793712544895243e-05,1.7929212845047005e-05,7.913876665099906e-09,0.0,0.0,1.0,1.0,600,1.5619100332260132,fresh_online_exploration,12,15
230400,58,6.268695869948715e-06,7.913870447850968e-09,1.3555083569372073e-05,1.3547162780014332e-05,7.913870447850968e-09,0.0,0.0,1.0,1.0,600,1.113291621208191,fresh_online_exploration,12,15
230400,59,4.4817898015026e-06,7.913868671494129e-09,1.1296036063868087e-05,1.1288124369457364e-05,7.913868671494129e-09,0.0,0.0,1.0,1.0,600,1.7057063579559326,fresh_online_exploration,12,15
230400,60,0.0007752334931865335,7.913875776921486e-09,0.0007913322770036757,0.0007913244771771133,7.913875776921486e-09,0.0,0.0,1.0,1.0,600,1.4424248933792114,fresh_online_exploration,12,15
230400,61,7.745176844764501e-06,7.913876665099906e-09,1.4725374057888985e-05,1.4717463272972964e-05,7.913876665099906e-09,0.0,0.0,1.0,1.0,600,2.0973546504974365,fresh_online_exploration,12,15
230400,62,0.003048463724553585,7.913876665099906e-09,0.003057679394260049,0.003057671943679452,7.913876665099906e-09,0.0,0.0,1.0,1.0,600,1.6852693557739258,fresh_online_exploration,12,15
230400,63,7.090547114785295e-06,7.913874000564647e-09,1.421668548573507e-05,1.4208768334356137e-05,7.913874000564647e-09,0.0,0.0,1.0,1.0,600,1.3460394144058228,fresh_online_exploration,12,15
230400,64,5.323561254044762e-06,7.913876665099906e-09,1.449796855013119e-05,1.4490051398752257e-05,7.913876665099906e-09,0.0,0.0,1.0,1.0,600,1.2314081192016602,fresh_online_exploration,12,15
230400,65,7.81503040343523e-05,7.913875776921486e-09,8.742690260987729e-05,8.741894271224737e-05,7.913875776921486e-09,0.0,0.0,1.0,1.0,600,1.8762401342391968,fresh_online_exploration,12,15
230400,66,0.0012502084719017148,7.913875776921486e-09,0.0014013488544151187,0.0014013415202498436,7.913875776921486e-09,0.0,0.0,1.0,1.0,600,1.5484530925750732,fresh_online_exploration,12,15
230400,67,4.4179272663313895e-05,7.913876665099906e-09,6.12141884630546e-05,6.120624311733991e-05,7.913876665099906e-09,0.0,0.0,1.0,1.0,600,1.3208024501800537,fresh_online_exploration,12,15
230400,68,6.8391755121410824e-06,7.913875776921486e-09,1.3839251550962217e-05,1.3831341675540898e-05,7.913875776921486e-09,0.0,0.0,1.0,1.0,600,1.7236993312835693,fresh_online_exploration,12,15
230400,69,0.0018212608993053436,7.913876665099906e-09,0.0018375309882685542,0.0018375233048573136,7.913876665099906e-09,0.0,0.0,1.0,1.0,600,1.641121745109558,fresh_online_exploration,12,15
230400,70,0.11658640950918198,7.945066826664515e-09,0.11686740815639496,0.11686742305755615,7.945066826664515e-09,0.0,1.0,1.0,1.0,600,1.9701732397079468,fresh_online_exploration,12,15
230400,71,6.694499461445957e-06,7.91386423060203e-09,1.3865247638022993e-05,1.3857334124622867e-05,7.91386423060203e-09,0.0,0.0,1.0,1.0,600,1.6224596500396729,fresh_online_exploration,12,15
230400,72,5.785694156656973e-06,7.913876665099906e-09,1.2803321624232922e-05,1.2795409929822199e-05,7.913876665099906e-09,0.0,0.0,1.0,1.0,600,1.8151347637176514,fresh_online_exploration,12,15
230400,73,3.1437884899787605e-05,7.913876665099906e-09,4.745830301544629e-05,4.7450354031752795e-05,7.913876665099906e-09,0.0,0.0,1.0,1.0,600,1.7316386699676514,fresh_online_exploration,12,15
230400,74,4.055662429891527e-06,7.913876665099906e-09,1.1272975825704634e-05,1.126506867876742e-05,7.913876665099906e-09,0.0,0.0,1.0,1.0,600,1.2975037097930908,fresh_online_exploration,12,15
230400,75,0.0009358713869005442,7.913875776921486e-09,0.0009449932840652764,0.0009449855424463749,7.913875776921486e-09,0.0,0.0,1.0,1.0,600,1.4945317506790161,fresh_online_exploration,12,15
230400,76,0.0005766440299339592,7.913876665099906e-09,0.0005925906589254737,0.0005925828590989113,7.913876665099906e-09,0.0,0.0,1.0,1.0,600,1.4640203714370728,fresh_online_exploration,12,15
230400,77,6.577147723874077e-05,7.913876665099906e-09,7.813918637111783e-05,7.813124830136076e-05,7.913876665099906e-09,0.0,0.0,1.0,1.0,600,2.265990734100342,fresh_online_exploration,12,15
230400,78,6.568933258677134e-06,7.913876665099906e-09,1.7734344510245137e-05,1.772643554431852e-05,7.913876665099906e-09,0.0,0.0,1.0,1.0,600,1.140677571296692,fresh_online_exploration,12,15
230400,79,2.085007963614771e-06,7.913875776921486e-09,9.041193152370397e-06,9.03327963897027e-06,7.913875776921486e-09,0.0,0.0,1.0,1.0,600,1.9340169429779053,fresh_online_exploration,12,15
230400,80,1.8156091741161617e-08,7.913872224207807e-09,9.132785635301843e-06,9.12487394089112e-06,7.913872224207807e-09,0.0,0.0,1.0,1.0,600,1.6435662508010864,fresh_online_exploration,12,15
230400,81,0.001060621696524322,7.913876665099906e-09,0.0010696281678974628,0.0010696201352402568,7.913876665099906e-09,0.0,0.0,1.0,1.0,600,1.3675918579101562,fresh_online_exploration,12,15
230400,82,0.00014521896082442254,7.91377630093848e-09,0.00020499390666373074,0.0002049860340775922,7.91377630093848e-09,0.0,0.0,1.0,1.0,600,1.9489173889160156,fresh_online_exploration,12,15
230400,83,6.276116891967831e-06,7.913876665099906e-09,1.5475447071366943e-05,1.5467532648472115e-05,7.913876665099906e-09,0.0,0.0,1.0,1.0,600,1.5399152040481567,fresh_online_exploration,12,15
230400,84,0.0022506359964609146,1.668663207610166e-09,0.002259769942611456,0.0022597687784582376,1.668663207610166e-09,0.0,0.0,1.0,1.0,600,1.5087169408798218,fresh_online_exploration,12,15
230400,85,7.022350018814905e-06,7.913873112386227e-09,1.634011641726829e-05,1.6332189261447638e-05,7.913873112386227e-09,0.0,0.0,1.0,1.0,600,1.594633936882019,fresh_online_exploration,12,15
230400,86,0.0012101932661607862,7.913875776921486e-09,0.0012194772716611624,0.0012194694718346,7.913875776921486e-09,0.0,0.0,1.0,1.0,600,1.602213740348816,fresh_online_exploration,12,15
230400,87,3.556089359335601e-05,7.913875776921486e-09,5.576208423008211e-05,5.5754135246388614e-05,7.913875776921486e-09,0.0,0.0,1.0,1.0,600,1.5190144777297974,fresh_online_exploration,12,15
230400,88,1.7908574591274373e-05,7.913876665099906e-09,3.4251886972924694e-05,3.424393435125239e-05,7.913876665099906e-09,0.0,0.0,1.0,1.0,600,1.170546054840088,fresh_online_exploration,12,15
230400,89,6.6816378421208356e-06,7.913876665099906e-09,1.5992878616089e-05,1.598496237420477e-05,7.913876665099906e-09,0.0,0.0,1.0,1.0,600,1.9663467407226562,fresh_online_exploration,12,15
230400,90,0.002377196680754423,7.913875776921486e-09,0.002383593237027526,0.002383585786446929,7.913875776921486e-09,0.0,0.0,1.0,1.0,600,1.5663481950759888,fresh_online_exploration,12,15
230400,91,0.001956869615241885,7.913876665099906e-09,0.001963443122804165,0.0019634361378848553,7.913876665099906e-09,0.0,0.0,1.0,1.0,600,1.5870275497436523,fresh_online_exploration,12,15
230400,92,0.0009645841200836003,7.913876665099906e-09,0.0009719669469632208,0.0009719590307213366,7.913876665099906e-09,0.0,0.0,1.0,1.0,600,1.2684259414672852,fresh_online_exploration,12,15
230400,93,6.51036316412501e-07,7.913876665099906e-09,7.800167622917797e-06,7.79225320002297e-06,7.913876665099906e-09,0.0,0.0,1.0,1.0,600,1.3407255411148071,fresh_online_exploration,12,15
230400,94,3.0917410185793415e-05,7.913876665099906e-09,4.3344021833036095e-05,4.33360728493426e-05,7.913876665099906e-09,0.0,0.0,1.0,1.0,600,1.4092336893081665,fresh_online_exploration,12,15
230400,95,0.00038168946048244834,7.913875776921486e-09,0.0004216545494273305,0.00042164657497778535,7.913875776921486e-09,0.0,0.0,1.0,1.0,600,1.3162157535552979,fresh_online_exploration,12,15
288000,0,0.000638488563708961,7.913876665099906e-09,0.0016138656064867973,0.0016138587379828095,7.913876665099906e-09,0.0,0.0,1.0,1.0,600,1.7798595428466797,fresh_online_exploration,15,19
288000,1,6.209776302057435e-07,7.913876665099906e-09,7.976062079251278e-06,7.968152203829959e-06,7.913876665099906e-09,0.0,0.0,1.0,1.0,600,1.2850663661956787,fresh_online_exploration,15,19
288000,2,7.946389324331449e-09,7.913876665099906e-09,6.8321101025503594e-06,6.824195679655531e-06,7.913876665099906e-09,0.0,0.0,1.0,1.0,600,1.5413740873336792,fresh_online_exploration,15,19
288000,3,5.848049113410525e-06,7.913876665099906e-09,1.5133638044062536e-05,1.5125727259146515e-05,7.913876665099906e-09,0.0,0.0,1.0,1.0,600,1.4148272275924683,fresh_online_exploration,15,19
288000,4,3.766351426293113e-07,7.913876665099906e-09,8.145019819494337e-06,8.137109034578316e-06,7.913876665099906e-09,0.0,0.0,1.0,1.0,600,1.8134123086929321,fresh_online_exploration,15,19
288000,5,0.00018935893604066223,7.913876665099906e-09,0.00020305490761529654,0.00020304702047724277,7.913876665099906e-09,0.0,0.0,1.0,1.0,600,1.284310221672058,fresh_online_exploration,15,19
288000,6,3.1402441891259514e-06,7.913870447850968e-09,1.3017766832490452e-05,1.3009846043132711e-05,7.913870447850968e-09,0.0,0.0,1.0,1.0,600,1.7456724643707275,fresh_online_exploration,15,19
288000,7,0.0012846343452110887,7.913876665099906e-09,0.0012918052962049842,0.0012917974963784218,7.913876665099906e-09,0.0,0.0,1.0,1.0,600,1.790830135345459,fresh_online_exploration,15,19
288000,8,6.000751000101445e-06,7.913876665099906e-09,1.2853615771746263e-05,1.2845705896324944e-05,7.913876665099906e-09,0.0,0.0,1.0,1.0,600,1.3886977434158325,fresh_online_exploration,15,19
288000,9,0.0013192567275837064,7.914121802343743e-09,0.0013974144821986556,0.0013974073808640242,7.914121802343743e-09,0.0,0.0,1.0,1.0,600,1.8980672359466553,fresh_online_exploration,15,19
288000,10,6.4042415033327416e-06,7.913876665099906e-09,1.3605077583633829e-05,1.3597165889223106e-05,7.913876665099906e-09,0.0,0.0,1.0,1.0,600,1.8562517166137695,fresh_online_exploration,15,19
288000,11,0.0005828746943734586,4.581957480098708e-09,0.0006321490509435534,0.0006321445689536631,4.581957480098708e-09,0.0,0.0,1.0,1.0,600,1.6093047857284546,fresh_online_exploration,15,19
288000,12,7.946389324331449e-09,7.913876665099906e-09,6.763277724530781e-06,6.755362846888602e-06,7.913876665099906e-09,0.0,0.0,1.0,1.0,600,1.3969247341156006,fresh_online_exploration,15,19
288000,13,2.518353348079927e-08,7.913875776921486e-09,7.152039415814215e-06,7.1441240834246855e-06,7.913875776921486e-09,0.0,0.0,1.0,1.0,600,1.7189007997512817,fresh_online_exploration,15,19
288000,14,5.98333235757309e-06,7.913875776921486e-09,1.3158591173123568e-05,1.3150674931239337e-05,7.913875776921486e-09,0.0,0.0,1.0,1.0,600,1.5103219747543335,fresh_online_exploration,15,19
288000,15,6.849139936093707e-06,7.913876665099906e-09,1.9187176803825423e-05,1.9179271475877613e-05,7.913876665099906e-09,0.0,0.0,1.0,1.0,600,1.627170205116272,fresh_online_exploration,15,19
288000,16,0.0019310921197757125,7.913876665099906e-09,0.0019468346145004034,0.0019468269310891628,7.913876665099906e-09,0.0,0.0,1.0,1.0,600,1.8779312372207642,fresh_online_exploration,15,19
288000,17,5.637274625769351e-06,7.913876665099906e-09,1.254807193618035e-05,1.2540161151264329e-05,7.913876665099906e-09,0.0,0.0,1.0,1.0,600,1.4892103672027588,fresh_online_exploration,15,19
288000,18,0.0005007965373806655,7.913876665099906e-09,0.0005107634933665395,0.0005107555189169943,7.913876665099906e-09,0.0,0.0,1.0,1.0,600,1.5043801069259644,fresh_online_exploration,15,19
288000,19,5.6783055697451346e-06,7.913875776921486e-09,1.278833588003181e-05,1.2780422366631683e-05,7.913875776921486e-09,0.0,0.0,1.0,1.0,600,1.3916419744491577,fresh_online_exploration,15,19
288000,20,5.902488283027196e-06,7.913873112386227e-09,1.3264120752864983e-05,1.3256206329970155e-05,7.913873112386227e-09,0.0,0.0,1.0,1.0,600,1.304260015487671,fresh_online_exploration,15,19
288000,21,2.8523238142952323e-05,7.913876665099906e-09,4.074298340128735e-05,4.073501986567862e-05,7.913876665099906e-09,0.0,0.0,1.0,1.0,600,1.4485034942626953,fresh_online_exploration,15,19
288000,22,7.231843483168632e-05,7.914911392958857e-09,0.00015771595644764602,0.00015770801110193133,7.914911392958857e-09,0.0,0.0,1.0,1.0,600,2.4422826766967773,fresh_online_exploration,15,19
288000,23,0.0012251606676727533,7.913875776921486e-09,0.0012409854680299759,0.0012409779010340571,7.913875776921486e-09,0.0,0.0,1.0,1.0,600,1.7263779640197754,fresh_online_exploration,15,19
288000,24,0.005616333335638046,7.913876665099906e-09,0.005631870590150356,0.005631864536553621,7.913876665099906e-09,0.0,0.0,1.0,1.0,600,2.1476006507873535,fresh_online_exploration,15,19
288000,25,5.686322310793912e-06,7.913876665099906e-09,1.2689390132436529e-05,1.2681481166509911e-05,7.913876665099906e-09,0.0,0.0,1.0,1.0,600,0.903627872467041,fresh_online_exploration,15,19
288000,26,7.940955448759723e-09,7.913875776921486e-09,6.765358648408437e-06,6.757444225513609e-06,7.913875776921486e-09,0.0,0.0,1.0,1.0,600,1.3402502536773682,fresh_online_exploration,15,19
288000,27,5.605624664895004e-06,7.913876665099906e-09,1.3517160368792247e-05,1.350925140286563e-05,7.913876665099906e-09,0.0,0.0,1.0,1.0,600,1.4554409980773926,fresh_online_exploration,15,19
288000,28,0.0013049261178821325,7.913875776921486e-09,0.0016775121912360191,0.0016775047406554222,7.913875776921486e-09,0.0,0.0,1.0,1.0,600,1.5558143854141235,fresh_online_exploration,15,19
288000,29,0.00011409597937017679,7.913870447850968e-09,0.00013168543227948248,0.00013167761790100485,7.913870447850968e-09,0.0,0.0,1.0,1.0,600,1.7706674337387085,fresh_online_exploration,15,19
288000,30,5.5792497732909396e-05,7.913879329635165e-09,6.560065230587497e-05,6.559272151207551e-05,7.913879329635165e-09,0.0,0.0,1.0,1.0,600,1.6095240116119385,fresh_online_exploration,15,19
288000,31,1.448800048819976e-07,7.913876665099906e-09,7.5418643064040225e-06,7.533950338256545e-06,7.913876665099906e-09,0.0,0.0,1.0,1.0,600,1.2260059118270874,fresh_online_exploration,15,19
288000,32,6.583456979569746e-06,7.913870447850968e-09,1.5902933228062466e-05,1.5895013348199427e-05,7.913870447850968e-09,0.0,0.0,1.0,1.0,600,1.303015947341919,fresh_online_exploration,15,19
288000,33,5.825061180075863e-06,7.913876665099906e-09,1.3211716577643529e-05,1.32038021547487e-05,7.913876665099906e-09,0.0,0.0,1.0,1.0,600,1.5431578159332275,fresh_online_exploration,15,19
288000,34,0.0036086863838136196,0.0012247905833646655,0.008468092419207096,0.0072432998567819595,0.0012247905833646655,0.0,0.0,1.0,1.0,600,2.6202776432037354,fresh_online_exploration,15,19
288000,35,1.4284721601143247e-06,7.913872224207807e-09,1.0965404726448469e-05,1.0957486665574834e-05,7.913872224207807e-09,0.0,0.0,1.0,1.0,600,2.0635030269622803,fresh_online_exploration,15,19
288000,36,0.00017683459736872464,7.946389324331449e-09,0.00018579848983790725,0.00018579064635559916,7.946389324331449e-09,0.0,0.0,1.0,1.0,600,2.3788933753967285,fresh_online_exploration,15,19
288000,37,5.250597041595029e-06,7.913874000564647e-09,1.3030038644501474e-05,1.302211603615433e-05,7.913874000564647e-09,0.0,0.0,1.0,1.0,600,1.4580156803131104,fresh_online_exploration,15,19
288000,38,0.0009429953061044216,7.913876665099906e-09,0.0009702857933007181,0.0009702779352664948,7.913876665099906e-09,0.0,0.0,1.0,1.0,600,1.6469671726226807,fresh_online_exploration,15,19
288000,39,5.838572178618051e-06,7.913875776921486e-09,1.2346829862508457e-05,1.2338919987087138e-05,7.913875776921486e-09,0.0,0.0,1.0,1.0,600,2.367191791534424,fresh_online_exploration,15,19
288000,40,0.0006459208088926971,7.913875776921486e-09,0.0007277969853021204,0.0007277890108525753,7.913875776921486e-09,0.0,0.0,1.0,1.0,600,1.637925386428833,fresh_online_exploration,15,19
288000,41,0.0009476171690039337,7.913875776921486e-09,0.0009566613589413464,0.000956653559114784,7.913875776921486e-09,0.0,0.0,1.0,1.0,600,1.5340931415557861,fresh_online_exploration,15,19
288000,42,8.333147434314014e-07,7.913876665099906e-09,7.634813300683163e-06,7.626903425261844e-06,7.913876665099906e-09,0.0,0.0,1.0,1.0,600,1.921841025352478,fresh_online_exploration,15,19
288000,43,6.837190085207112e-06,7.913868671494129e-09,1.6096902982098982e-05,1.608899219718296e-05,7.913868671494129e-09,0.0,0.0,1.0,1.0,600,1.558191180229187,fresh_online_exploration,15,19
288000,44,0.029109997674822807,7.913876665099906e-09,0.03391551226377487,0.03391551598906517,7.913876665099906e-09,0.0,0.0,1.0,1.0,600,1.428794026374817,fresh_online_exploration,15,19
288000,45,5.973275165160885e-06,7.913872224207807e-09,1.5549214367638342e-05,1.5541283573838882e-05,7.913872224207807e-09,0.0,0.0,1.0,1.0,600,1.8492944240570068,fresh_online_exploration,15,19
288000,46,0.0003505745844449848,7.913875776921486e-09,0.0003670891164802015,0.0003670812293421477,7.913875776921486e-09,0.0,0.0,1.0,1.0,600,1.4793459177017212,fresh_online_exploration,15,19
288000,47,2.9786637242068537e-05,7.913876665099906e-09,4.425454972079024e-05,4.424658982316032e-05,7.913876665099906e-09,0.0,0.0,1.0,1.0,600,1.6239036321640015,fresh_online_exploration,15,19
288000,48,7.946389324331449e-09,7.913876665099906e-09,9.43867962632794e-06,9.43076975090662e-06,7.913876665099906e-09,0.0,0.0,1.0,1.0,600,1.0382473468780518,fresh_online_exploration,15,19
288000,49,0.0001336908171651885,7.913875776921486e-09,0.0001497905032010749,0.00014978261606302112,7.913875776921486e-09,0.0,0.0,1.0,1.0,600,1.3825842142105103,fresh_online_exploration,15,19
288000,50,0.00010408114030724391,7.913868671494129e-09,0.00011407169949961826,0.00011406378325773403,7.913868671494129e-09,0.0,0.0,1.0,1.0,600,1.552699327468872,fresh_online_exploration,15,19
288000,51,0.00046779983676970005,7.913876665099906e-09,0.0004803302581422031,0.00048032222548499703,7.913876665099906e-09,0.0,0.0,1.0,1.0,600,1.524449348449707,fresh_online_exploration,15,19
288000,52,0.01529130432754755,4.7082303353818133e-05,0.015501055866479874,0.015453983098268509,4.7082303353818133e-05,0.0,0.0,1.0,1.0,600,3.0574965476989746,fresh_online_exploration,15,19
288000,53,7.946463043140284e-09,7.913875776921486e-09,7.127714070520597e-06,7.119796919141663e-06,7.913875776921486e-09,0.0,0.0,1.0,1.0,600,1.7545591592788696,fresh_online_exploration,15,19
288000,54,0.0016523057129234076,7.920191613663974e-09,0.0018085520714521408,0.001808543922379613,7.920191613663974e-09,0.0,0.0,1.0,1.0,600,1.7572519779205322,fresh_online_exploration,15,19
288000,55,6.909625426487764e-06,7.913875776921486e-09,1.4069528333493508e-05,1.4061615729588084e-05,7.913875776921486e-09,0.0,0.0,1.0,1.0,600,1.9552947282791138,fresh_online_exploration,15,19
288000,56,7.946389324331449e-09,7.913876665099906e-09,9.723797120386735e-06,9.715888154460117e-06,7.913876665099906e-09,0.0,0.0,1.0,1.0,600,1.4024790525436401,fresh_online_exploration,15,19
288000,57,0.0010944940149784088,7.913875776921486e-09,0.0011012395843863487,0.0011012316681444645,7.913875776921486e-09,0.0,0.0,1.0,1.0,600,1.3883090019226074,fresh_online_exploration,15,19
288000,58,5.587744453805499e-06,7.913875776921486e-09,1.3115837646182626e-05,1.3107928680256009e-05,7.913875776921486e-09,0.0,0.0,1.0,1.0,600,1.732908010482788,fresh_online_exploration,15,19
288000,59,7.946390212509868e-09,7.913875776921486e-09,6.737745479767909e-06,6.72983060212573e-06,7.913875776921486e-09,0.0,0.0,1.0,1.0,600,1.6192617416381836,fresh_online_exploration,15,19
288000,60,0.001044446020387113,7.913876665099906e-09,0.0010515350149944425,0.0010515273315832019,7.913876665099906e-09,0.0,0.0,1.0,1.0,600,1.5732465982437134,fresh_online_exploration,15,19
288000,61,0.00038539411616511643,4.6343207941390574e-05,0.0007600566023029387,0.0007137132924981415,4.6343207941390574e-05,0.0,0.0,1.0,1.0,600,1.7859803438186646,fresh_online_exploration,15,19
288000,62,6.183037839946337e-06,7.913875776921486e-09,1.5395149603136815e-05,1.5387229723273776e-05,7.913875776921486e-09,0.0,0.0,1.0,1.0,600,1.1767131090164185,fresh_online_exploration,15,19
288000,63,6.174078589538112e-05,4.408343738759868e-05,0.00010709160414990038,6.300817767623812e-05,4.408343738759868e-05,0.0,0.0,1.0,1.0,600,1.6437281370162964,fresh_online_exploration,15,19
288000,64,0.00010157108772546053,7.913875776921486e-09,0.0001148761875811033,0.00011486827133921906,7.913875776921486e-09,0.0,0.0,1.0,1.0,600,1.659690499305725,fresh_online_exploration,15,19
288000,65,7.946390212509868e-09,7.913875776921486e-09,9.116416549659334e-06,9.108506674238015e-06,7.913875776921486e-09,0.0,0.0,1.0,1.0,600,1.2421647310256958,fresh_online_exploration,15,19
288000,66,0.0013968907296657562,7.913876665099906e-09,0.001404149574227631,0.0014041421236470342,7.913876665099906e-09,0.0,0.0,1.0,1.0,600,2.1196064949035645,fresh_online_exploration,15,19
288000,67,0.0006010765791870654,7.913875776921486e-09,0.0006090578390285373,0.000609049980994314,7.913875776921486e-09,0.0,0.0,1.0,1.0,600,2.586529493331909,fresh_online_exploration,15,19
288000,68,7.185794402175816e-06,7.913875776921486e-09,1.685787174210418e-05,1.6849957319209352e-05,7.913875776921486e-09,0.0,0.0,1.0,1.0,600,1.5777488946914673,fresh_online_exploration,15,19
288000,69,0.00108524679671973,7.913875776921486e-09,0.0011020442470908165,0.0011020366800948977,7.913875776921486e-09,0.0,0.0,1.0,1.0,600,1.6551085710525513,fresh_online_exploration,15,19
288000,70,9.003153536468744e-06,7.913876665099906e-09,1.597325172042474e-05,1.5965339116519317e-05,7.913876665099906e-09,0.0,0.0,1.0,1.0,600,1.2519925832748413,fresh_online_exploration,15,19
288000,71,6.734872386005009e-06,7.913871336029388e-09,1.4283090422395617e-05,1.4275175999500789e-05,7.913871336029388e-09,0.0,0.0,1.0,1.0,600,1.8675705194473267,fresh_online_exploration,15,19
288000,72,0.0012267623096704483,0.0002399544755462557,0.001244338694959879,0.0010043841321021318,0.0002399544755462557,0.0,0.0,1.0,1.0,600,2.7879862785339355,fresh_online_exploration,15,19
288000,73,5.767563834524481e-06,7.913875776921486e-09,1.3108342500345316e-05,1.3100427167955786e-05,7.913875776921486e-09,0.0,0.0,1.0,1.0,600,1.3945775032043457,fresh_online_exploration,15,19
288000,74,0.000421302393078804,7.913875776921486e-09,0.0004283290763851255,0.00042832110193558037,7.913875776921486e-09,0.0,0.0,1.0,1.0,600,1.4540133476257324,fresh_online_exploration,15,19
288000,75,0.002464484190568328,7.913875776921486e-09,0.0024735387414693832,0.0024735303595662117,7.913875776921486e-09,0.0,0.0,1.0,1.0,600,1.6151460409164429,fresh_online_exploration,15,19
288000,76,0.00014721222396474332,7.913876665099906e-09,0.00016040593618527055,0.00016039801994338632,7.913876665099906e-09,0.0,0.0,1.0,1.0,600,1.0394110679626465,fresh_online_exploration,15,19
288000,77,1.2457526565867738e-07,7.913867783315709e-09,6.984456831560237e-06,6.9765378611919004e-06,7.913867783315709e-09,0.0,0.0,1.0,1.0,600,1.212358832359314,fresh_online_exploration,15,19
288000,78,6.850825684523443e-06,7.913876665099906e-09,1.59258815983776e-05,1.5917967175482772e-05,7.913876665099906e-09,0.0,0.0,1.0,1.0,600,1.7264713048934937,fresh_online_exploration,15,19
288000,79,9.002968681670609e-08,7.91386600695887e-09,7.249285772559233e-06,7.2413690759276506e-06,7.91386600695887e-09,0.0,0.0,1.0,1.0,600,1.3627358675003052,fresh_online_exploration,15,19
288000,80,0.002748330356553197,7.913876665099906e-09,0.002765430137515068,0.002765421522781253,7.913876665099906e-09,0.0,0.0,1.0,1.0,600,1.4778019189834595,fresh_online_exploration,15,19
288000,81,0.0004934858880005777,7.913875776921486e-09,0.0005025206482969224,0.0005025127320550382,7.913875776921486e-09,0.0,0.0,1.0,1.0,600,1.868910551071167,fresh_online_exploration,15,19
288000,82,7.946549196446995e-09,7.913875776921486e-09,9.181488167087082e-06,9.173573744192254e-06,7.913875776921486e-09,0.0,0.0,1.0,1.0,600,1.5905884504318237,fresh_online_exploration,15,19
288000,83,0.0018138306913897395,7.913876665099906e-09,0.002636372111737728,0.002636364195495844,7.913876665099906e-09,0.0,0.0,1.0,1.0,600,1.461521029472351,fresh_online_exploration,15,19
288000,84,0.0006046085036359727,7.913876665099906e-09,0.0006202389486134052,0.0006202312652021646,7.913876665099906e-09,0.0,0.0,1.0,1.0,600,1.84856379032135,fresh_online_exploration,15,19
288000,85,7.113076571840793e-05,7.913876665099906e-09,9.100576426135376e-05,9.099782619159669e-05,7.913876665099906e-09,0.0,0.0,1.0,1.0,600,1.5331969261169434,fresh_online_exploration,15,19
288000,86,0.0004838132590521127,7.913876665099906e-09,0.0004968579742126167,0.0004968501743860543,7.913876665099906e-09,0.0,0.0,1.0,1.0,600,1.1792185306549072,fresh_online_exploration,15,19
288000,87,5.492176114785252e-06,7.913876665099906e-09,1.5063276805449277e-05,1.5055359654070344e-05,7.913876665099906e-09,0.0,0.0,1.0,1.0,600,2.273327112197876,fresh_online_exploration,15,19
288000,88,1.3872652289137477e-06,7.913874888743067e-09,8.465566679660697e-06,8.457654985249974e-06,7.913874888743067e-09,0.0,0.0,1.0,1.0,600,1.1031856536865234,fresh_online_exploration,15,19
288000,89,0.0008658141596242785,7.913875776921486e-09,0.0008818436181172729,0.0008818358764983714,7.913875776921486e-09,0.0,0.0,1.0,1.0,600,1.3184031248092651,fresh_online_exploration,15,19
288000,90,0.0046773748472332954,7.913829591643662e-09,0.006157391704618931,0.006157380994409323,7.913829591643662e-09,0.0,0.0,1.0,1.0,600,1.7686771154403687,fresh_online_exploration,15,19
288000,91,0.0001460146886529401,7.913875776921486e-09,0.00016362391761504114,0.00016361598682124168,7.913875776921486e-09,0.0,0.0,1.0,1.0,600,1.8504232168197632,fresh_online_exploration,15,19
288000,92,0.00045209084055386484,7.913875776921486e-09,0.0004596526559907943,0.0004596447106450796,7.913875776921486e-09,0.0,0.0,1.0,1.0,600,1.4852306842803955,fresh_online_exploration,15,19
288000,93,6.735283932357561e-06,7.913876665099906e-09,1.467676611355273e-05,1.4668853509647306e-05,7.913876665099906e-09,0.0,0.0,1.0,1.0,600,1.1491841077804565,fresh_online_exploration,15,19
288000,94,4.812379302165937e-06,7.913876665099906e-09,1.2021645488857757e-05,1.2013735613436438e-05,7.913876665099906e-09,0.0,0.0,1.0,1.0,600,1.723676085472107,fresh_online_exploration,15,19
288000,95,5.1065944717265666e-06,7.913876665099906e-09,1.2468030945456121e-05,1.2460121070034802e-05,7.913876665099906e-09,0.0,0.0,1.0,1.0,600,1.8623957633972168,fresh_online_exploration,15,19
