env_steps,optimizer_steps,accepted,reasons,rollback_events,accepted_blocks,candidate_det_success,candidate_policy_success,accepted_det_success,accepted_policy_success,online_successes,online_episodes,cap,cumulative_eval_steps,critic_loss,actor_loss,bc_loss,anchor_kl,alpha,effective_anchor_kl,raw_anchor_kl,effective_std,raw_std,action_drift_mse,target_entropy
10080,1260,1,,0,1,0.9375,0.875,0.9375,0.875,0,0,0.01,143072,0.0020925090808073974,19.861306903948858,0.002699361638801675,23.88602118156259,0.0038156098935620063,0.7708891034126282,0.24187779426574707,0.009999999776482582,0.38907843828201294,8.059175343078095e-06,-28.959339141845703
20064,2508,1,,0,2,0.96875,0.90625,0.96875,0.90625,0,0,0.01,247680,0.003401584289326237,-3.5613478049635887,0.0026069169311178997,0.5643887319005071,0.0028496503409069893,0.38724446296691895,0.2141227424144745,0.009999999776482582,0.39770856499671936,3.790298023886862e-06,-28.959339141845703
30048,3756,0,deterministic:success;deterministic:max_angle;deterministic:final_angle;deterministic:progress,1,2,0.78125,0.96875,0.96875,0.90625,91,91,0.01,352384,0.005933115904787347,-4.175387083146816,0.0025696683195024096,0.36022264265622467,0.0020701159969925918,0.39586424827575684,0.19802960753440857,0.009999999776482582,0.40363869071006775,2.647883320605615e-06,-28.959339141845703
40032,5004,1,,1,3,0.90625,0.875,0.90625,0.875,91,91,0.01,467584,0.006151011044634148,-4.0871361543734865,0.0026472390843712045,0.3986353099417801,0.002067673453917124,0.23841017484664917,0.19756236672401428,0.009999999776482582,0.40454503893852234,2.354021944483975e-06,-28.959339141845703
50016,6252,1,,1,4,0.84375,0.8125,0.84375,0.8125,92,92,0.01,572224,0.009785171030298209,-4.223119277984668,0.0026707434275382324,0.5067248021324093,0.0014627758884251728,0.9472386837005615,0.19635826349258423,0.009999999776482582,0.40652719140052795,3.3553508274053456e-06,-28.959339141845703
60000,7500,1,,1,5,0.875,0.8125,0.875,0.8125,174,179,0.01,676864,0.012057662126794755,-4.290767423235453,0.0026240441962634064,0.7546458641091027,0.0010258841390075246,1.5238683223724365,0.20140978693962097,0.009999999776482582,0.40550538897514343,5.17772741659428e-06,-28.959339141845703
70080,8760,1,,1,6,0.96875,0.96875,0.96875,0.96875,174,179,0.01,792064,0.013007274978158493,-4.674602011839549,0.0026137349429532944,0.6335735260494172,0.0007090883451931563,0.5252101421356201,0.2183111011981964,0.009999999776482582,0.39927971363067627,1.9003209672519006e-06,-28.959339141845703
80064,10008,0,policy:success;policy:max_angle;policy:final_angle;policy:progress,2,6,0.90625,0.84375,0.96875,0.96875,253,258,0.01,896736,0.010934816660338607,-5.058596787926478,0.002612499681466337,0.6164071145049559,0.0004902037823670141,0.2348652184009552,0.22217607498168945,0.009999999776482582,0.39917805790901184,1.9598062408476835e-06,-28.959339141845703
90048,11256,0,policy:success;policy:max_angle;policy:final_angle;policy:progress,3,6,0.96875,0.84375,0.96875,0.96875,258,271,0.01,1011936,0.011176629377027543,-4.8810507754484815,0.002585761620652286,0.7620204200203984,0.0004908327454568979,0.5479521751403809,0.22658982872962952,0.009999999776482582,0.39710503816604614,2.791359975162777e-06,-28.959339141845703
100032,12504,0,policy:success;policy:max_angle;policy:final_angle;policy:progress,4,6,0.875,0.84375,0.96875,0.96875,260,273,0.01,1116608,0.011081566235262495,-5.0180384541551275,0.0026666412913749437,0.6308009814088925,0.0004897271490988667,0.409663587808609,0.2225225567817688,0.009999999776482582,0.3994181752204895,2.0612392290786374e-06,-28.959339141845703
110016,13752,1,,4,7,0.90625,0.90625,0.90625,0.90625,342,359,0.01,1231808,0.010876188178372104,-5.065808027791671,0.0026583783311742502,0.6146749977786572,0.0004910386034260647,0.3136819899082184,0.22452464699745178,0.009999999776482582,0.397099107503891,1.7838484609455918e-06,-28.959339141845703
120000,15000,1,,4,8,0.90625,0.875,0.90625,0.875,342,359,0.01,1336480,0.009530483556236738,-5.357852132465595,0.0026366265249705,0.6144840863401978,0.0003392826620722936,0.21022365987300873,0.23215197026729584,0.009999999776482582,0.395734965801239,2.055845470749773e-06,-28.959339141845703
130080,16260,1,,4,9,0.9375,0.875,0.9375,0.875,412,429,0.01,1451680,0.0077238393592692555,-5.698964727303339,0.002673234278798133,0.6109789776187095,0.00023403765400640652,0.20378059148788452,0.24155090749263763,0.009999999776482582,0.39259234070777893,1.4740493270437582e-06,-28.959339141845703
140064,17508,0,deterministic:success;deterministic:max_angle;deterministic:final_angle;deterministic:progress,5,9,0.8125,0.90625,0.9375,0.875,423,444,0.01,1556320,0.006000153486149009,-5.904606265708422,0.002644837142585087,0.6846685496529039,0.00016157598612409903,0.24638164043426514,0.2580729126930237,0.009999999776482582,0.386982798576355,2.231764028692851e-06,-28.959339141845703
150048,18756,1,,5,10,0.9375,0.78125,0.9375,0.78125,425,450,0.01,1660960,0.006022224495096359,-5.9883084795795956,0.0026309645683609117,0.6019670477626511,0.00016148133449743723,0.8579371571540833,0.2543432116508484,0.009999999776482582,0.3883752226829529,3.1262313768820604e-06,-28.959339141845703
160032,20004,1,,5,11,0.84375,0.875,0.84375,0.875,496,522,0.01,1776160,0.005015531313592174,-6.334347223242124,0.002622413017422495,0.5678552063540198,0.00011168349863929997,0.19307510554790497,0.2640840411186218,0.009999999776482582,0.385301798582077,2.039441596934921e-06,-28.959339141845703
170016,21252,1,,5,12,0.96875,0.96875,0.96875,0.96875,509,541,0.01,1891360,0.004712749620711503,-6.554852110644181,0.002636479687517306,0.6119951207835513,7.73293149030416e-05,1.7083942890167236,0.27411651611328125,0.009999999776482582,0.3834410309791565,3.0833550681563793e-06,-28.959339141845703
180000,22500,1,,5,13,0.96875,0.875,0.96875,0.875,535,567,0.01,1996064,0.004291739223658507,-6.892247166389074,0.002592526933651056,0.5514739914558445,5.340985591117668e-05,0.36399906873703003,0.2794143557548523,0.009999999776482582,0.38310307264328003,1.5872909671088564e-06,-28.959339141845703
190080,23760,1,,5,14,0.9375,0.84375,0.9375,0.84375,591,624,0.01,2100736,0.004077492579854729,-7.152808935680087,0.0026357995150315147,0.533303012781673,3.686621306740794e-05,0.11119982600212097,0.2918347120285034,0.009999999776482582,0.3780241906642914,1.1029906090698205e-06,-28.959339141845703
200064,25008,1,,5,15,0.96875,0.875,0.96875,0.875,599,634,0.01,2205376,0.003900258886763671,-7.37909878924107,0.0026303092220190684,0.5506029250159955,2.5405938741548594e-05,0.36706772446632385,0.30049553513526917,0.009999999776482582,0.3754900097846985,1.628584186619264e-06,-28.959339141845703
210048,26256,1,,5,16,0.9375,0.90625,0.9375,0.90625,668,703,0.01,2320576,0.003755350554293284,-7.650373652959481,0.0026049179841021006,0.5116391891183761,1.7549879958213027e-05,0.19174861907958984,0.30387330055236816,0.009999999776482582,0.3757416307926178,2.8914307677041506e-06,-28.959339141845703
220032,27504,1,,5,17,0.96875,0.90625,0.96875,0.90625,689,727,0.01,2435776,0.0040369114296761556,-7.7699649051213875,0.002558155988178138,0.5712492009326338,1.2151203768495086e-05,0.2639320492744446,0.32227185368537903,0.009999999776482582,0.3699253797531128,1.7052531120498315e-06,-28.959339141845703
230016,28752,1,,5,18,0.90625,0.84375,0.90625,0.84375,695,734,0.01,2540448,0.00373098252384807,-8.012863376583809,0.002569823436109194,0.5346155568109586,8.376603140720526e-06,1.2365963459014893,0.33133602142333984,0.009999999776482582,0.36859771609306335,3.1951049095368944e-06,-28.959339141845703
240000,30000,1,,5,19,0.9375,0.9375,0.9375,0.9375,770,809,0.01,2634560,0.00355288919066273,-8.224132314324379,0.0026501071944762655,0.4975336136845633,5.79171202329503e-06,0.18128983676433563,0.33231937885284424,0.009999999776482582,0.3680955767631531,1.388013288305956e-06,-28.959339141845703
250080,31260,1,,5,20,0.90625,0.875,0.90625,0.875,779,818,0.01,2739200,0.0033769815618778388,-8.345223874137515,0.002637520369044357,0.5260564699355099,3.998141073319106e-06,0.15218743681907654,0.33823293447494507,0.009999999776482582,0.3668017089366913,1.1391334737709258e-06,-28.959339141845703
260064,32508,1,,5,21,0.875,0.90625,0.875,0.90625,843,883,0.01,2843808,0.003617200875081695,-8.561291319437515,0.0026075639282983807,0.47457046311300916,2.756894713156609e-06,0.14525218307971954,0.34353265166282654,0.009999999776482582,0.3656398057937622,1.0312728591088671e-06,-28.959339141845703
270048,33756,1,,5,22,0.9375,0.84375,0.9375,0.84375,866,909,0.01,2948480,0.003350864282998746,-8.696272843159162,0.002550433534941896,0.4468918503083002,1.9032046844485578e-06,2.7174882888793945,0.3423934578895569,0.009999999776482582,0.36705344915390015,4.030172931379639e-06,-28.959339141845703
280032,35004,1,,5,23,0.90625,0.8125,0.90625,0.8125,869,914,0.01,3053120,0.0035993282613978805,-8.792756777161207,0.0026242065039882734,0.4845258947999145,1.314733785908227e-06,0.15827716886997223,0.3576047420501709,0.009999999776482582,0.3631947636604309,1.5697930848546093e-06,-28.959339141845703
290016,36252,1,,5,24,0.875,0.84375,0.875,0.84375,939,984,0.01,3168320,0.0036865956633566664,-8.838712271589499,0.002596579537520227,0.523192045935549,9.087066913866402e-07,0.43941667675971985,0.36963990330696106,0.009999999776482582,0.3590453863143921,2.41600650952023e-06,-28.959339141845703
300000,37500,0,deterministic:regression_rate,6,24,0.84375,0.96875,0.875,0.84375,955,1001,0.01,3272960,0.0034317176428325744,-8.93073902833156,0.0026415809498314792,0.5314003547044615,6.282829297732953e-07,0.16564711928367615,0.383186399936676,0.009999999776482582,0.3564285635948181,1.2518306675701751e-06,-28.959339141845703
