variant,seed,selected_best_step,sustained_drop_onset_step,selected_best_success,final_success,q_mean_at_best,q_mean_final,q_variance_at_best,q_variance_final,policy_drift_at_best,policy_drift_final,q_mean_before_drop,q_mean_at_drop,q_variance_before_drop,q_variance_at_drop,policy_drift_before_drop,policy_drift_at_drop,online_training_successes,online_training_episodes
A0,0,0,,0.0,0.0,,2.332428455352783,,0.17212054133415222,,0.4540659189224243,,,,,,,0,832
A0,1,260000,270016,1.0,0.0,2.0633597373962402,4.475580215454102,0.03764835372567177,0.7180529236793518,0.3329763114452362,0.36111482977867126,2.0633597373962402,2.0714199542999268,0.03764835372567177,0.04408087581396103,0.3329763114452362,0.3350779712200165,80,864
A0,2,0,,0.0,0.0,,2.126436710357666,,0.261783629655838,,0.5214166641235352,,,,,,,0,832
A0,3,480000,,0.015625,0.0,2.7855563163757324,2.8735976219177246,0.4106089472770691,0.4546872079372406,0.6015428900718689,0.5683944821357727,,,,,,,1,832
A0,4,0,,0.0,0.0,,1.9583170413970947,,0.13934457302093506,,0.5867589116096497,,,,,,,0,832
A1,0,0,,0.0,0.0,,5.5433549880981445,,2.7384819984436035,,0.25249576568603516,,,,,,,0,832
A1,1,0,,0.0,0.0,,5.701781272888184,,2.38702654838562,,0.2980148494243622,,,,,,,0,832
A1,2,0,,0.0,0.0,,6.097257137298584,,3.060962200164795,,0.3015095591545105,,,,,,,0,832
A1,3,0,,0.0,0.0,,5.665687561035156,,2.3750405311584473,,0.3187920153141022,,,,,,,0,832
A1,4,0,,0.0,0.0,,6.181816101074219,,2.3226609230041504,,0.27835217118263245,,,,,,,0,832
A2,0,0,,0.0,0.0,,8.766823768615723,,1.4763069152832031,,0.35263535380363464,,,,,,,1,832
A2,1,420000,,0.0625,0.0,7.056735992431641,6.799769878387451,2.3530831336975098,2.1623570919036865,0.3068672716617584,0.2973710596561432,,,,,,,7,832
A2,2,260000,,0.015625,0.0,6.761157989501953,7.1801018714904785,2.4629175662994385,3.441399097442627,0.2752607464790344,0.30362334847450256,,,,,,,14,838
A2,3,0,,0.0,0.0,,8.415760040283203,,2.2624528408050537,,0.33181309700012207,,,,,,,0,832
A2,4,380000,390016,0.921875,0.0,7.069125175476074,7.527324676513672,4.038604736328125,4.474749565124512,0.23155082762241364,0.23173117637634277,7.069125175476074,7.067037582397461,4.038604736328125,3.984327793121338,0.23155082762241364,0.2384745329618454,25,832
B1,0,0,,0.015625,0.0,,9.269384384155273,,2.1691396236419678,,0.13891641795635223,,,,,,,0,832
B1,1,0,,0.0,0.0,,8.930869102478027,,2.5308496952056885,,0.19124600291252136,,,,,,,0,832
B1,2,0,10016,0.265625,0.0,,6.550348281860352,,4.005868911743164,,0.04085516184568405,,1.893341302871704,,0.7739522457122803,,0.18702147901058197,0,832
B1,3,0,,0.0,0.0,,7.55003023147583,,2.6873385906219482,,0.12317939102649689,,,,,,,0,832
B1,4,0,,0.0,0.0,,7.8319621086120605,,1.9499170780181885,,0.2121962606906891,,,,,,,0,832
B2,0,0,,0.015625,0.0,,7.726053714752197,,1.562181830406189,,0.14801281690597534,,,,,,,0,832
B2,1,0,,0.0,0.0,,5.597764015197754,,3.473626136779785,,0.17895318567752838,,,,,,,1,832
B2,2,0,10016,0.265625,0.0,,5.665639400482178,,4.100866317749023,,0.10135024040937424,,1.5005468130111694,,0.1103329136967659,,0.17646560072898865,0,832
B2,3,0,,0.0,0.0,,6.061863899230957,,2.560033082962036,,0.1962847113609314,,,,,,,1,832
B2,4,0,,0.0,0.0,,6.388410568237305,,2.5840981006622314,,0.1421082764863968,,,,,,,0,832
B3,0,20000,30016,1.0,0.03125,2.1380863189697266,7.16409969329834,1.3769410848617554,3.3352246284484863,0.0023645737674087286,0.0016833435511216521,2.1380863189697266,3.1045050621032715,1.3769410848617554,3.52602481842041,0.0023645737674087286,0.002796874148771167,0,832
B3,1,220000,240000,1.0,0.421875,7.489446640014648,7.705557823181152,1.6289290189743042,3.8755059242248535,0.0012717647477984428,0.0018428174080327153,7.486374855041504,7.4469404220581055,1.681573748588562,1.7564899921417236,0.0013124033575877547,0.0012229753192514181,12,835
B3,2,410016,490016,1.0,0.203125,7.902434349060059,7.635357856750488,2.7702035903930664,2.988558053970337,0.001279398100450635,0.0016898780595511198,7.658230781555176,7.6176958084106445,2.9358038902282715,2.9666664600372314,0.0014795975293964148,0.0016358663560822606,0,832
B3,3,10016,40000,1.0,0.203125,1.2015266418457031,8.4436674118042,0.21562930941581726,2.9802262783050537,0.001425516209565103,0.00216859532520175,2.9541735649108887,3.2961654663085938,3.1834347248077393,3.6553072929382324,0.001539776916615665,0.0011586504988372326,0,832
B3,4,260000,400000,1.0,1.0,7.178998947143555,8.384775161743164,2.944789171218872,3.496809244155884,0.0014731844421476126,0.0010692364303395152,7.662666320800781,7.699774742126465,3.88508677482605,3.8172268867492676,0.0017798520857468247,0.0016079017659649253,1,832
