mode,seed,success_rate,uncapped_reset_action_std,eval_env_steps
deterministic,0,1.0,0.9118915796279907,19968
deterministic,1,0.796875,1.14364755153656,38400
deterministic,2,1.0,0.17001543939113617,17152
deterministic,3,1.0,0.9673422574996948,19008
deterministic,4,1.0,1.239248514175415,16960
raw_stochastic,0,0.0,0.9118915796279907,38400
raw_stochastic,1,0.0,1.14364755153656,38400
raw_stochastic,2,0.0,0.17001543939113617,38400
raw_stochastic,3,0.0,0.9673422574996948,38400
raw_stochastic,4,0.0,1.239248514175415,38400
cap_0p135,0,0.140625,0.9118915796279907,38400
cap_0p135,1,0.0,1.14364755153656,38400
cap_0p135,2,0.28125,0.17001543939113617,38400
cap_0p135,3,0.03125,0.9673422574996948,38400
cap_0p135,4,0.09375,1.239248514175415,38400
cap_0p05,0,0.984375,0.9118915796279907,28000
cap_0p05,1,0.109375,1.14364755153656,38400
cap_0p05,2,0.453125,0.17001543939113617,38400
cap_0p05,3,0.265625,0.9673422574996948,38400
cap_0p05,4,0.46875,1.239248514175415,38400
cap_0p01,0,1.0,0.9118915796279907,20000
cap_0p01,1,0.859375,1.14364755153656,38400
cap_0p01,2,1.0,0.17001543939113617,17120
cap_0p01,3,0.953125,0.9673422574996948,28544
cap_0p01,4,1.0,1.239248514175415,16960
