treatment,control,metric,mean_difference,ci95_low,ci95_high,exact_two_sided_signflip_p
A1,A0,auc,-0.020562499999999997,-0.07743649088176394,0.03631149088176394,0.5
A1,A0,final,0.0,0.0,0.0,1.0
A1,A0,best,-0.203125,-0.7563087166146746,0.3500587166146746,0.5
A1,A0,degradation,-0.203125,-0.7563087166146746,0.3500587166146746,0.5
A2,A0,auc,-0.016499999999999997,-0.07614752172909225,0.04314752172909225,0.875
A2,A0,final,0.0,0.0,0.0,1.0
A2,A0,best,-0.003125,-0.8195129929312824,0.8132629929312823,1.0
A2,A0,degradation,-0.003125,-0.8195129929312824,0.8132629929312823,1.0
A1,A2,auc,-0.004062499999999999,-0.014061075961423482,0.005936075961423484,0.25
A1,A2,final,0.0,0.0,0.0,1.0
A1,A2,best,-0.2,-0.702069991435837,0.30206999143583707,0.25
A1,A2,degradation,-0.2,-0.702069991435837,0.30206999143583707,0.25
B1,A2,auc,-0.0034991,-0.013969890509097721,0.0069716905090977214,0.75
B1,A2,final,0.0,0.0,0.0,1.0
B1,A2,best,-0.14375,-0.7035957650870199,0.4160957650870199,0.75
B1,A2,degradation,-0.14375,-0.7035957650870199,0.4160957650870199,0.75
B2,B1,auc,0.0,0.0,0.0,1.0
B2,B1,final,0.0,0.0,0.0,1.0
B2,B1,best,0.0,0.0,0.0,1.0
B2,B1,degradation,0.0,0.0,0.0,1.0
B3,B1,auc,0.3754003,0.14003384340821665,0.6107667565917834,0.0625
B3,B1,final,0.371875,-0.09685091085626724,0.8406009108562673,0.0625
B3,B1,best,0.94375,0.7981778445753172,1.0,0.0625
B3,B1,degradation,0.571875,0.12216500990397372,1.0,0.125
B3,A0,auc,0.35540120000000003,0.08098278731761654,0.6298196126823835,0.0625
B3,A0,final,0.371875,-0.09685091085626724,0.8406009108562673,0.0625
B3,A0,best,0.796875,0.24369128338532542,1.0,0.125
B3,A0,degradation,0.425,-0.3248179028451021,1.0,0.25
B3,A2,auc,0.3719012,0.13447806963389733,0.6093243303661027,0.0625
B3,A2,final,0.371875,-0.09685091085626724,0.8406009108562673,0.0625
B3,A2,best,0.8,0.2979300085641631,1.0,0.0625
B3,A2,degradation,0.428125,-0.5302726165573233,1.0,0.3125
